actual,predicted
0.0125,0.012499999999997482
0.0109,0.0104233567676338
0.0132,0.01197539683796037
0.0005,0.000500000000000017
0.0025,0.0024999999999999497
0.0164,0.01894824180975531
0.3586,0.3902529016897136
0.0205,0.0178331917440063
0.0111,0.010414244272646788
0.0005,0.000500000000000017
0.0005,0.000500000000000017
0.0025,0.0024999999999999497
0.3559,0.40177980084215564
0.4063,0.372642161746998
0.0005,0.000500000000000017
0.3546,0.4010878260502394
0.0005,0.000500000000000017
0.0125,0.012499999999997482
0.0099,0.010498811833377853
0.0125,0.012499999999997482
0.0012,0.00120000000000028
0.0012,0.00120000000000028
0.0012,0.00120000000000028
0.0005,0.000500000000000017
0.0005,0.000500000000000017
0.0005,0.000500000000000017
0.0134,0.014949396725469672
0.0005,0.000500000000000017
0.3786,0.33913756642139903
0.0125,0.012499999999997482
0.0005,0.000500000000000017
0.0125,0.012499999999997482
0.0012,0.00120000000000028
0.4792,0.49515436186513734
0.4108,0.39011745556471317
0.0197,0.01928680556999852
0.0005,0.000500000000000017
0.0195,0.0183969109299942
0.0005,0.000500000000000017
0.3577,0.3430101914056767
0.0012,0.00120000000000028
0.0125,0.012499999999997482
0.0135,0.011944563181005764
0.0012,0.00120000000000028
0.5705,0.49313236163814106
0.0025,0.0024999999999999497
0.0125,0.012499999999997482
0.0005,0.000500000000000017
0.0012,0.00120000000000028
0.0163,0.018022778417650015
0.0125,0.012499999999997482
0.0125,0.012499999999997482
0.2913,0.3384380276478824
0.0005,0.000500000000000017
0.017,0.01541269344496567
0.0025,0.0024999999999999497
0.0012,0.00120000000000028
0.0199,0.018692220523161145
0.0005,0.000500000000000017
0.0196,0.019769359597007673
0.0125,0.012499999999997482
0.0005,0.000500000000000017
0.0005,0.000500000000000017
0.0125,0.012499999999997482
0.0172,0.01976956392500318
0.0204,0.018133811771975622
0.0125,0.012499999999997482
0.0025,0.0024999999999999497
0.0005,0.000500000000000017
0.014,0.015119112584075122
0.0005,0.000500000000000017
0.0202,0.019270176760290043
0.0012,0.00120000000000028
0.0012,0.00120000000000028
0.0012,0.00120000000000028
0.0012,0.00120000000000028
0.0144,0.015047579567601
0.0164,0.018828719080298255
0.0012,0.00120000000000028
0.0005,0.000500000000000017
0.0125,0.012499999999997482
0.0125,0.012499999999997482
0.0197,0.0178670312437156
0.0025,0.0024999999999999497
0.0172,0.019563176405933483
0.3326,0.37491247563427743
0.0005,0.000500000000000017
0.0005,0.000500000000000017
0.0125,0.012499999999997482
0.0005,0.000500000000000017
0.5177,0.515009640395287
0.4325,0.38008736545662203
0.42,0.3856682891768268
0.0125,0.012499999999997482
0.0125,0.012499999999997482
0.01,0.010467766181128412
0.0025,0.0024999999999999497
0.0005,0.000500000000000017
0.0012,0.00120000000000028
0.0012,0.00120000000000028
0.0025,0.0024999999999999497
0.0005,0.000500000000000017
0.0005,0.000500000000000017
0.0148,0.014847542430175529
0.0205,0.018755774881097323
0.3134,0.33610033009965273
0.0025,0.0024999999999999497
0.0005,0.000500000000000017
0.0125,0.012499999999997482
0.0025,0.0024999999999999497
0.0005,0.000500000000000017
0.0025,0.0024999999999999497
0.0025,0.0024999999999999497
0.4377,0.3923945273811061
0.0005,0.000500000000000017
0.0125,0.012499999999997482
0.0125,0.012499999999997482
0.0012,0.00120000000000028
0.0172,0.018746159000075212
0.0192,0.018107116843143724
0.0125,0.012499999999997482
0.0025,0.0024999999999999497
0.0012,0.00120000000000028
0.0005,0.000500000000000017
0.0025,0.0024999999999999497
0.0168,0.015192621214433053
0.0005,0.000500000000000017
0.0091,0.010360428426754087
0.3768,0.4009087822836156
0.0125,0.012499999999997482
0.0156,0.014855281569870721
0.0005,0.000500000000000017
0.3615,0.37581764874866536
0.0025,0.0024999999999999497
0.0125,0.012499999999997482
0.0166,0.019315074382616062
0.0194,0.019391125325498505
0.4356,0.40372521153105706
0.0005,0.000500000000000017
0.0181,0.018012530629058932
0.0116,0.010276376537609249
0.0203,0.019438268133129266
0.0012,0.00120000000000028
0.0025,0.0024999999999999497
0.0005,0.000500000000000017
0.0005,0.000500000000000017
0.0173,0.01871867938407452
0.0005,0.000500000000000017
0.0012,0.00120000000000028
0.0025,0.0024999999999999497
0.0012,0.00120000000000028
0.0125,0.012499999999997482
0.0166,0.01948874976511413
0.0167,0.018692204048014905
0.0025,0.0024999999999999497
0.0125,0.012499999999997482
0.0005,0.000500000000000017
0.0005,0.000500000000000017
0.3844,0.3711897889391046
0.0125,0.012499999999997482
0.0025,0.0024999999999999497
0.0206,0.017946217544101313
0.0206,0.018114672349817194
0.0172,0.014993789182847389
0.0025,0.0024999999999999497
0.0005,0.000500000000000017
0.0025,0.0024999999999999497
0.0125,0.012499999999997482
0.019,0.018165258124044976
0.0125,0.012499999999997482
0.3476,0.34716730326664363
0.0125,0.012499999999997482
0.0125,0.012499999999997482
0.0175,0.01896841586379503
0.0125,0.012499999999997482
0.018,0.01833295608639238
0.0012,0.00120000000000028
0.0005,0.000500000000000017
0.0124,0.011925192918034401
0.0012,0.00120000000000028
0.0125,0.012499999999997482
0.0012,0.00120000000000028
0.3614,0.3441642542094654
0.0012,0.00120000000000028
0.442,0.40215928378928767
0.0005,0.000500000000000017
0.0125,0.012499999999997482
0.0025,0.0024999999999999497
0.4016,0.4034497125759767
0.0125,0.012499999999997482
0.0025,0.0024999999999999497
0.2936,0.34019172352144245
0.0125,0.012499999999997482
0.3434,0.33483226613178346
0.0025,0.0024999999999999497
0.0012,0.00120000000000028
0.0012,0.00120000000000028
0.0012,0.00120000000000028
0.0025,0.0024999999999999497
0.0012,0.00120000000000028
0.0025,0.0024999999999999497
0.0128,0.011610382683590572
0.0192,0.019500737177385454
0.0005,0.000500000000000017
0.018,0.01912211618366755
0.0176,0.019422236579694965
0.0005,0.000500000000000017
0.0136,0.015074280772365299
0.0005,0.000500000000000017
0.3698,0.3817238440214215
0.4403,0.3993025786491753
0.0025,0.0024999999999999497
0.0186,0.018641884239613354
0.0025,0.0024999999999999497
0.0125,0.012499999999997482
0.0005,0.000500000000000017
0.0125,0.012499999999997482
0.0012,0.00120000000000028
0.0125,0.012499999999997482
0.0005,0.000500000000000017
0.0025,0.0024999999999999497
0.0216,0.0187830948892277
0.0005,0.000500000000000017
0.0025,0.0024999999999999497
0.0025,0.0024999999999999497
0.3907,0.4017733587013605
0.0025,0.0024999999999999497
0.0125,0.012499999999997482
0.0025,0.0024999999999999497
0.0025,0.0024999999999999497
0.0125,0.012499999999997482
0.0125,0.012499999999997482
0.017,0.014965214412145782
0.0125,0.012499999999997482
0.379,0.3802811111749269
0.009,0.010499707778146863
0.0175,0.018735217174975827
0.0025,0.0024999999999999497
0.0175,0.018735014833017746
0.0025,0.0024999999999999497
0.0177,0.018808113642747645
0.0173,0.019364537192229782
0.0012,0.00120000000000028
0.0177,0.018738410499607124
0.0132,0.011846323119910882
0.0012,0.00120000000000028
0.0109,0.011791076119122057
0.0164,0.018812842455270585
0.0186,0.019047472482603835
0.0012,0.00120000000000028
0.0005,0.000500000000000017
0.0025,0.0024999999999999497
0.0163,0.015056974918215019
0.0176,0.018554105102230524
0.3588,0.3411429055591036
0.0125,0.012499999999997482
0.5379,0.4989292735751153
0.0125,0.012499999999997482
0.0025,0.0024999999999999497
0.0125,0.012499999999997482
0.0125,0.012499999999997482
0.4308,0.3999221903503948
0.0125,0.012499999999997482
0.0106,0.011945462074589283
0.0012,0.00120000000000028
0.0173,0.018524434010112507
0.016,0.018172410649837416
0.0025,0.0024999999999999497
0.0125,0.012499999999997482
0.0125,0.012499999999997482
0.0012,0.00120000000000028
0.0125,0.012499999999997482
0.0005,0.000500000000000017
0.0125,0.012499999999997482
0.0025,0.0024999999999999497
0.3509,0.40084876411580017
0.0005,0.000500000000000017
0.0211,0.01947807645284706
0.0104,0.010628060322395088
0.0193,0.01796762912765746
0.0012,0.00120000000000028
0.0005,0.000500000000000017
0.0012,0.00120000000000028
0.0012,0.00120000000000028
0.0005,0.000500000000000017
0.0012,0.00120000000000028
0.0012,0.00120000000000028
0.0025,0.0024999999999999497
0.0005,0.000500000000000017
0.0125,0.012499999999997482
0.0111,0.011969179314475888
0.0204,0.018702150821171062
0.0005,0.000500000000000017
0.0215,0.018764838874471418
0.0138,0.014989766997340791
0.019,0.018686902861731466
0.0012,0.00120000000000028
0.0012,0.00120000000000028
0.0005,0.000500000000000017
0.0005,0.000500000000000017
0.0125,0.012499999999997482
0.0182,0.019439115669961225
0.4272,0.4066915168652712
0.0207,0.019567006869541187
0.0005,0.000500000000000017
0.0196,0.017807055604951907
0.0005,0.000500000000000017
0.3828,0.36419849899981505
0.0005,0.000500000000000017
0.0025,0.0024999999999999497
0.0012,0.00120000000000028
0.0125,0.012499999999997482
0.02,0.01861343231147292
0.0025,0.0024999999999999497
0.0125,0.012499999999997482
0.018,0.019743938775204407
0.0125,0.012499999999997482
0.0125,0.012499999999997482
0.3745,0.41061207077629946
0.0025,0.0024999999999999497
0.0005,0.000500000000000017
0.0025,0.0024999999999999497
0.0005,0.000500000000000017
0.4532,0.40419524089340314
0.0025,0.0024999999999999497
0.0193,0.018815262251673744
0.0012,0.00120000000000028
0.0012,0.00120000000000028
0.0194,0.018833703940998096
0.0106,0.012008607252619121
0.0203,0.01953178449746679
0.0025,0.0024999999999999497
0.0025,0.0024999999999999497
0.0125,0.012499999999997482
0.0005,0.000500000000000017
0.0005,0.000500000000000017
0.0012,0.00120000000000028
0.0199,0.019359443323713692
0.0125,0.012499999999997482
0.4386,0.39684312520502835
0.01,0.01038756061904918
0.0125,0.012499999999997482
0.0012,0.00120000000000028
0.012,0.011930361915960782
0.0005,0.000500000000000017
0.0204,0.018035347257210774
0.0005,0.000500000000000017
0.3251,0.3779418753403814
0.0125,0.012499999999997482
0.0025,0.0024999999999999497
0.0125,0.012499999999997482
0.3732,0.3343470914049738
0.3656,0.3954207006874735
0.0005,0.000500000000000017
0.0005,0.000500000000000017
0.0012,0.00120000000000028
0.0025,0.0024999999999999497
0.0025,0.0024999999999999497
0.0012,0.00120000000000028
0.0125,0.012499999999997482
0.0005,0.000500000000000017
0.0212,0.01943244927169236
0.3836,0.3357393037252126
0.0178,0.01812651935455477
0.0025,0.0024999999999999497
0.0005,0.000500000000000017
0.4444,0.39608680309321975
0.0125,0.012499999999997482
0.0012,0.00120000000000028
0.0012,0.00120000000000028
0.0152,0.014884640872349857
0.0005,0.000500000000000017
0.0098,0.01040538629303574
0.0125,0.012499999999997482
0.0182,0.01882286065521635
0.0025,0.0024999999999999497
0.0005,0.000500000000000017
0.0208,0.01858494191140413
0.0125,0.012499999999997482
0.0214,0.018682487034946668
0.0025,0.0024999999999999497
0.0012,0.00120000000000028
0.0213,0.018703524578020242
0.0005,0.000500000000000017
0.0094,0.010455522161135463
0.0125,0.012499999999997482
0.5485,0.5042463453317381
0.0005,0.000500000000000017
0.0025,0.0024999999999999497
0.5633,0.5070793862134485
0.0025,0.0024999999999999497
0.0012,0.00120000000000028
0.0025,0.0024999999999999497
0.0125,0.012499999999997482
0.0165,0.018654395901746744
0.0012,0.00120000000000028
0.0005,0.000500000000000017
0.0125,0.012499999999997482
0.0005,0.000500000000000017
0.0012,0.00120000000000028
0.0025,0.0024999999999999497
0.0005,0.000500000000000017
0.0211,0.018730242162269616
0.0204,0.017874697910362315
0.0012,0.00120000000000028
0.0125,0.012499999999997482
0.0005,0.000500000000000017
0.0005,0.000500000000000017
0.0005,0.000500000000000017
0.3378,0.3338454063923843
0.0005,0.000500000000000017
0.0005,0.000500000000000017
0.0012,0.00120000000000028
0.0105,0.012173412782974145
0.0125,0.012499999999997482
0.0005,0.000500000000000017
0.0165,0.018724179773044646
0.0103,0.01044561278616982
0.0012,0.00120000000000028
0.0005,0.000500000000000017
0.0025,0.0024999999999999497
0.0158,0.014616825806786481
0.0005,0.000500000000000017
0.0203,0.018730384414697775
0.0005,0.000500000000000017
0.0025,0.0024999999999999497
0.0125,0.012499999999997482
0.0135,0.015076198770108922
0.0005,0.000500000000000017
0.0025,0.0024999999999999497
0.0025,0.0024999999999999497
0.0159,0.014936135659878658
0.0025,0.0024999999999999497
0.0025,0.0024999999999999497
0.0125,0.012499999999997482
0.3741,0.3781155327667055
0.0005,0.000500000000000017
0.0201,0.018801808195051596
0.0163,0.01804309077042543
0.0012,0.00120000000000028
0.0012,0.00120000000000028
0.0005,0.000500000000000017
0.0204,0.018739468011905083
0.0025,0.0024999999999999497
0.0012,0.00120000000000028
0.0012,0.00120000000000028
0.0025,0.0024999999999999497
0.0175,0.018889433513415103
0.0125,0.012499999999997482
0.0005,0.000500000000000017
0.0171,0.015046626763243887
0.0125,0.012499999999997482
0.373,0.33371737956006997
0.0025,0.0024999999999999497
0.0012,0.00120000000000028
0.3559,0.3996285614734098
0.0012,0.00120000000000028
0.4873,0.495904611406
0.0025,0.0024999999999999497
0.0125,0.012499999999997482
0.0012,0.00120000000000028
0.0005,0.000500000000000017
0.0161,0.01869302185630508
0.3409,0.3831633145114251
0.0183,0.017846274467934558
0.0012,0.00120000000000028
0.0012,0.00120000000000028
0.0012,0.00120000000000028
0.0125,0.012499999999997482
0.0005,0.000500000000000017
0.0202,0.019626241154478502
0.3735,0.3982392280524332
0.0025,0.0024999999999999497
0.02,0.01826001474645784
0.0012,0.00120000000000028
0.0005,0.000500000000000017
0.0161,0.018665252736659806
0.3073,0.3436797908743781
0.0025,0.0024999999999999497
0.3751,0.3735968198386443
0.0213,0.019202191661906648
0.0012,0.00120000000000028
0.0012,0.00120000000000028
0.0125,0.012499999999997482
0.0005,0.000500000000000017
0.0168,0.018141692371748994
0.0005,0.000500000000000017
0.0193,0.018595767416569056
0.0005,0.000500000000000017
0.0188,0.01947791209057464
0.3473,0.3397585053716906
0.0005,0.000500000000000017
0.0012,0.00120000000000028
0.0158,0.014906385917378069
0.0005,0.000500000000000017
0.0125,0.012499999999997482
0.0173,0.019467900998754804
0.0005,0.000500000000000017
0.0125,0.012499999999997482
0.0025,0.0024999999999999497
0.0012,0.00120000000000028
0.0005,0.000500000000000017
0.0025,0.0024999999999999497
0.4134,0.39473687292512394
0.0012,0.00120000000000028
0.4176,0.3845410590969771
0.0012,0.00120000000000028
0.0025,0.0024999999999999497
0.0005,0.000500000000000017
0.0173,0.0187697513160427
0.0125,0.012499999999997482
0.0012,0.00120000000000028
0.0025,0.0024999999999999497
0.0025,0.0024999999999999497
0.0025,0.0024999999999999497
0.0005,0.000500000000000017
0.0005,0.000500000000000017
0.0012,0.00120000000000028
0.0025,0.0024999999999999497
0.0125,0.012499999999997482
0.0005,0.000500000000000017
0.0025,0.0024999999999999497
0.0138,0.015019676131453457
0.0148,0.01501211904105419
0.0012,0.00120000000000028
0.0005,0.000500000000000017
0.0005,0.000500000000000017
0.0206,0.018642318309093277
0.0175,0.018779820576292013
0.0183,0.018102734199290964
0.4556,0.40083500617705003
0.0005,0.000500000000000017
0.0125,0.012499999999997482
0.0025,0.0024999999999999497
0.0012,0.00120000000000028
0.3203,0.33951171179980977
0.0005,0.000500000000000017
0.4379,0.3975158884944198
0.0005,0.000500000000000017
0.0005,0.000500000000000017
0.0171,0.017940440447035653
0.0005,0.000500000000000017
0.0214,0.018777038068351425
0.0005,0.000500000000000017
0.0005,0.000500000000000017
0.0005,0.000500000000000017
0.0209,0.018564417638374964
0.0012,0.00120000000000028
0.0012,0.00120000000000028
0.4706,0.5022004897503555
0.0012,0.00120000000000028
0.0125,0.012499999999997482
0.0005,0.000500000000000017
0.0125,0.012499999999997482
0.0005,0.000500000000000017
0.0168,0.01930870955671475
0.0012,0.00120000000000028
0.0125,0.012499999999997482
0.017,0.01809243047428439
0.0112,0.010457182055565012
0.0005,0.000500000000000017
0.0025,0.0024999999999999497
0.0005,0.000500000000000017
0.0005,0.000500000000000017
0.5276,0.4986260053812174
0.0012,0.00120000000000028
0.0125,0.012499999999997482
0.0005,0.000500000000000017
0.0005,0.000500000000000017
0.0005,0.000500000000000017
0.0005,0.000500000000000017
0.0005,0.000500000000000017
0.0125,0.012499999999997482
0.3655,0.39282309785578506
0.0025,0.0024999999999999497
0.0025,0.0024999999999999497
0.0005,0.000500000000000017
0.0005,0.000500000000000017
0.018,0.019734023922640388
0.0125,0.012499999999997482
0.0176,0.019546194390589466
0.0202,0.018111619725905182
0.0213,0.01884125712136891
0.3498,0.392531573341473
0.0025,0.0024999999999999497
0.0125,0.012499999999997482
0.0005,0.000500000000000017
0.0005,0.000500000000000017
0.0164,0.018856582339029225
0.0125,0.012499999999997482
0.0005,0.000500000000000017
0.0025,0.0024999999999999497
0.0189,0.01880833663862701
0.3421,0.3991165799871348
0.0025,0.0024999999999999497
0.3694,0.40158410304985837
0.0129,0.011956981180177417
0.0005,0.000500000000000017
0.0012,0.00120000000000028
0.0005,0.000500000000000017
0.0178,0.018742513761795337
0.0125,0.012499999999997482
0.0012,0.00120000000000028
0.0005,0.000500000000000017
0.0112,0.011864973031573056
0.0025,0.0024999999999999497
0.021,0.01873392307303809
0.0025,0.0024999999999999497
0.3612,0.36527159107182805
0.0012,0.00120000000000028
0.0025,0.0024999999999999497
0.3765,0.33365372587527153
0.0125,0.012499999999997482
0.0133,0.012040912332304388
0.0203,0.018634894832917623
0.0012,0.00120000000000028
0.0012,0.00120000000000028
0.0125,0.012499999999997482
0.0012,0.00120000000000028
0.0012,0.00120000000000028
0.0012,0.00120000000000028
0.0206,0.019007256569410835
0.0025,0.0024999999999999497
0.0206,0.019537502665946893
0.0183,0.018798609611607
0.0112,0.010499651334486293
0.0005,0.000500000000000017
0.0025,0.0024999999999999497
0.0005,0.000500000000000017
0.0025,0.0024999999999999497
0.0005,0.000500000000000017
0.0005,0.000500000000000017
0.0096,0.010467582575555467
0.0012,0.00120000000000028
0.0005,0.000500000000000017
0.0176,0.01887369748050127
0.0005,0.000500000000000017
0.0005,0.000500000000000017
0.0012,0.00120000000000028
0.018,0.019391459434882095
0.0177,0.019451156542557368
0.0166,0.014901860489185596
0.0025,0.0024999999999999497
0.3633,0.39553991583377146
0.0005,0.000500000000000017
0.0125,0.012499999999997482
0.3544,0.3299385487147268
0.0125,0.012499999999997482
0.0025,0.0024999999999999497
0.0012,0.00120000000000028
0.0025,0.0024999999999999497
0.0125,0.012499999999997482
0.0025,0.0024999999999999497
0.0005,0.000500000000000017
0.3682,0.3946022212483404
0.0201,0.01803002707073032
0.0213,0.019567134274649633
0.0125,0.012499999999997482
0.0005,0.000500000000000017
0.0012,0.00120000000000028
0.4005,0.4022834977301987
0.0167,0.015249235359035782
0.0025,0.0024999999999999497
0.2871,0.33367772777467986
0.0125,0.012499999999997482
0.0012,0.00120000000000028
0.0025,0.0024999999999999497
0.0179,0.019418158291960575
0.0012,0.00120000000000028
0.0005,0.000500000000000017
0.0125,0.012499999999997482
0.0203,0.017995290177819406
0.0005,0.000500000000000017
0.0005,0.000500000000000017
0.0012,0.00120000000000028
0.0005,0.000500000000000017
0.0025,0.0024999999999999497
0.4561,0.4983272906594133
0.0005,0.000500000000000017
0.0116,0.010569292147919294
0.0005,0.000500000000000017
0.0125,0.012499999999997482
0.0005,0.000500000000000017
0.0005,0.000500000000000017
0.308,0.33473039497279894
0.0012,0.00120000000000028
0.0125,0.012499999999997482
0.0025,0.0024999999999999497
0.0005,0.000500000000000017
0.0025,0.0024999999999999497
0.332,0.3740687343542541
0.0125,0.012499999999997482
0.0005,0.000500000000000017
0.3576,0.33508088155378596
0.0005,0.000500000000000017
0.0208,0.018710389277439815
0.0025,0.0024999999999999497
0.0208,0.019495104418328028
0.367,0.39558696483870903
0.0012,0.00120000000000028
0.0125,0.012499999999997482
0.0151,0.015019870060369735
0.0125,0.012499999999997482
0.0012,0.00120000000000028
0.0012,0.00120000000000028
0.0012,0.00120000000000028
0.5441,0.4992522250007976
0.0164,0.018765424885338416
0.0012,0.00120000000000028
0.5248,0.5047779004840924
0.0005,0.000500000000000017
0.0114,0.012126582001687954
0.0202,0.01804499029673762
0.0005,0.000500000000000017
0.0012,0.00120000000000028
0.0025,0.0024999999999999497
0.012,0.010475556661667842
0.0107,0.010467894671503674
0.3662,0.3413779389173717
0.0025,0.0024999999999999497
0.0125,0.012499999999997482
0.0005,0.000500000000000017
0.0025,0.0024999999999999497
0.0125,0.012499999999997482
0.0125,0.012499999999997482
0.0136,0.012207237599552966
0.0012,0.00120000000000028
0.0005,0.000500000000000017
0.0005,0.000500000000000017
0.0012,0.00120000000000028
0.0005,0.000500000000000017
0.0005,0.000500000000000017
0.0025,0.0024999999999999497
0.0012,0.00120000000000028
0.0154,0.017943198130426705
0.0005,0.000500000000000017
0.0113,0.0122275906598051
0.0025,0.0024999999999999497
0.0025,0.0024999999999999497
0.0132,0.011948010844778029
0.0173,0.018401922724898524
0.0025,0.0024999999999999497
0.0025,0.0024999999999999497
0.0187,0.018637335224638583
0.0012,0.00120000000000028
0.0193,0.01932805459283848
0.0025,0.0024999999999999497
0.0012,0.00120000000000028
0.3227,0.3406425217575248
0.0025,0.0024999999999999497
0.0025,0.0024999999999999497
0.0025,0.0024999999999999497
0.0097,0.01036530524399514
0.32,0.34102011601537724
0.0025,0.0024999999999999497
0.0025,0.0024999999999999497
0.2879,0.33613386022808106
0.0025,0.0024999999999999497
0.0005,0.000500000000000017
0.0005,0.000500000000000017
0.0025,0.0024999999999999497
0.0005,0.000500000000000017
0.0005,0.000500000000000017
0.0125,0.012499999999997482
0.0176,0.018071998761452296
0.0025,0.0024999999999999497
0.0012,0.00120000000000028
0.2963,0.33425858805597886
0.0215,0.018836159307749376
0.0119,0.010591273987545655
0.0005,0.000500000000000017
0.0025,0.0024999999999999497
0.0005,0.000500000000000017
0.0012,0.00120000000000028
0.0005,0.000500000000000017
0.0005,0.000500000000000017
0.0005,0.000500000000000017
0.0012,0.00120000000000028
0.3328,0.33663783622640486
0.0012,0.00120000000000028
0.0005,0.000500000000000017
0.0005,0.000500000000000017
0.0179,0.018692824219197098
0.0176,0.017929151768234227
0.0025,0.0024999999999999497
0.0005,0.000500000000000017
0.2941,0.3356542519381373
0.0025,0.0024999999999999497
0.0025,0.0024999999999999497
0.0005,0.000500000000000017
0.0012,0.00120000000000028
0.4649,0.5059719510065601
0.0125,0.012499999999997482
0.0125,0.012499999999997482
0.0005,0.000500000000000017
0.0005,0.000500000000000017
0.3637,0.38809288857263946
0.0012,0.00120000000000028
0.0025,0.0024999999999999497
0.0125,0.012001114618273174
0.0125,0.012499999999997482
0.0164,0.017929893354140768
0.0005,0.000500000000000017
0.0005,0.000500000000000017
0.0125,0.012499999999997482
0.0125,0.012499999999997482
0.0005,0.000500000000000017
0.0139,0.014998816807969821
0.0012,0.00120000000000028
0.0005,0.000500000000000017
0.0179,0.018749072755850006
0.0122,0.011819710511042705
0.329,0.3412159671808601
0.0025,0.0024999999999999497
0.0005,0.000500000000000017
0.0012,0.00120000000000028
0.0012,0.00120000000000028
0.0012,0.00120000000000028
0.0166,0.01944351521432677
0.0181,0.018813061045062272
0.0012,0.00120000000000028
0.0125,0.012499999999997482
0.0181,0.018696236980734846
0.0005,0.000500000000000017
0.0189,0.01851185652662701
0.0025,0.0024999999999999497
0.0012,0.00120000000000028
0.0005,0.000500000000000017
0.0218,0.019422051751538476
0.0025,0.0024999999999999497
0.0212,0.01877355877345163
0.0198,0.017983140564320564
0.0125,0.012499999999997482
0.0125,0.012499999999997482
0.0025,0.0024999999999999497
0.4887,0.5065453552572392
0.0012,0.00120000000000028
0.0025,0.0024999999999999497
0.0109,0.010484543008054199
0.018,0.01879256695616782
0.0159,0.014981084126935162
0.3115,0.3464531242653072
0.0005,0.000500000000000017
0.3129,0.3354134102693525
0.4318,0.5081312490821154
0.0135,0.015187387747908726
0.0025,0.0024999999999999497
0.0005,0.000500000000000017
0.0005,0.000500000000000017
0.0005,0.000500000000000017
0.0202,0.01871155719695164
0.0125,0.012499999999997482
0.0164,0.014978010674167326
0.3934,0.3742893117856253
0.0025,0.0024999999999999497
0.0005,0.000500000000000017
0.0005,0.000500000000000017
0.019,0.01940317786803434
0.0111,0.010338532457903863
0.0168,0.018739933485231394
0.0125,0.012499999999997482
0.017,0.018159572572575385
0.0012,0.00120000000000028
0.0005,0.000500000000000017
0.0025,0.0024999999999999497
0.0125,0.012499999999997482
0.014,0.015126479128093088
0.0005,0.000500000000000017
0.0205,0.01875664259354536
0.0005,0.000500000000000017
0.0012,0.00120000000000028
0.3614,0.37832666821890376
0.0125,0.012499999999997482
0.0005,0.000500000000000017
0.0125,0.012499999999997482
0.0125,0.012499999999997482
0.3778,0.3953024043244763
0.0012,0.00120000000000028
0.0012,0.00120000000000028
0.287,0.33609869592548697
0.0012,0.00120000000000028
0.0125,0.012499999999997482
0.0005,0.000500000000000017
0.0012,0.00120000000000028
0.0025,0.0024999999999999497
0.0183,0.019236318193574745
0.0125,0.012499999999997482
0.0005,0.000500000000000017
0.0012,0.00120000000000028
0.0125,0.012499999999997482
0.3424,0.33491672401905714
0.0025,0.0024999999999999497
0.0125,0.012499999999997482
0.0005,0.000500000000000017
0.0125,0.012499999999997482
0.0012,0.00120000000000028
0.0005,0.000500000000000017
0.0025,0.0024999999999999497
0.0125,0.012499999999997482
0.0005,0.000500000000000017
0.0025,0.0024999999999999497
0.0012,0.00120000000000028
0.0005,0.000500000000000017
0.0012,0.00120000000000028
0.0093,0.01035860175290575
0.368,0.37401949871141965
0.0012,0.00120000000000028
0.0012,0.00120000000000028
0.0025,0.0024999999999999497
0.3498,0.34117874900600087
0.0005,0.000500000000000017
0.0012,0.00120000000000028
0.0012,0.00120000000000028
0.0139,0.014927683897554422
0.0162,0.019305316105807154
0.0025,0.0024999999999999497
0.0012,0.00120000000000028
0.0128,0.011932882650659284
0.0005,0.000500000000000017
0.0025,0.0024999999999999497
0.0012,0.00120000000000028
0.0005,0.000500000000000017
0.0224,0.0195817861516381
0.0125,0.012499999999997482
0.0195,0.018908148552845366
0.0012,0.00120000000000028
0.3614,0.3742390633357086
0.0182,0.0186637105055102
0.0005,0.000500000000000017
0.0175,0.018819215503324202
0.0125,0.012499999999997482
0.0025,0.0024999999999999497
0.0005,0.000500000000000017
0.3714,0.38788573201045423
0.0025,0.0024999999999999497
0.0125,0.012499999999997482
0.018,0.019740957381328784
0.013,0.012097859230553776
0.0186,0.018639983184796295
0.3098,0.3310370416269099
0.0012,0.00120000000000028
0.0125,0.012499999999997482
0.0005,0.000500000000000017
0.0172,0.01793770348716689
0.0005,0.000500000000000017
0.0012,0.00120000000000028
0.0005,0.000500000000000017
0.0025,0.0024999999999999497
0.0005,0.000500000000000017
0.0005,0.000500000000000017
0.0125,0.012499999999997482
0.5676,0.5053177812669624
0.5145,0.4943222672430978
0.0012,0.00120000000000028
0.3274,0.33688320412535083
0.0199,0.017845138874500458
0.0177,0.01841190482235327
0.0168,0.01876967276054421
0.0012,0.00120000000000028
0.0005,0.000500000000000017
0.0159,0.017967715064513775
0.368,0.393418418232729
0.0005,0.000500000000000017
0.323,0.36928661277705266
0.0025,0.0024999999999999497
0.0005,0.000500000000000017
0.0025,0.0024999999999999497
0.0005,0.000500000000000017
0.0184,0.018109135065509215
0.0012,0.00120000000000028
0.0005,0.000500000000000017
0.3091,0.3432579036569826
0.0125,0.012499999999997482
0.0167,0.0186823213336301
0.0025,0.0024999999999999497
0.0005,0.000500000000000017
0.0012,0.00120000000000028
0.0125,0.012499999999997482
0.0005,0.000500000000000017
0.0125,0.012499999999997482
0.0005,0.000500000000000017
0.0125,0.012499999999997482
0.0005,0.000500000000000017
0.0181,0.01870031746636242
0.0125,0.012499999999997482
0.3232,0.33709452029726017
0.0125,0.012499999999997482
0.0125,0.012499999999997482
0.0115,0.011999706430727546
0.4494,0.3980242766478062
0.0025,0.0024999999999999497
0.5651,0.5030080520476613
0.0012,0.00120000000000028
0.0005,0.000500000000000017
0.0005,0.000500000000000017
0.0005,0.000500000000000017
0.0096,0.010487786110276382
0.0171,0.01790392122694003
0.5026,0.49303174589798915
0.0166,0.019593377467040967
0.0201,0.01880977177170167
0.017,0.018714961794753696
0.0025,0.0024999999999999497
0.0125,0.012499999999997482
0.4354,0.3961812716587128
0.0025,0.0024999999999999497
0.0025,0.0024999999999999497
0.0012,0.00120000000000028
0.0125,0.012499999999997482
0.0116,0.011902291883377722
0.0125,0.012499999999997482
0.0161,0.018037969336333563
0.0174,0.018832282642872802
0.0153,0.014987680131658198
0.0217,0.019770310741847996
0.0125,0.012499999999997482
0.0125,0.012499999999997482
0.0125,0.012499999999997482
0.0005,0.000500000000000017
0.0025,0.0024999999999999497
0.0162,0.01806656929654093
0.0012,0.00120000000000028
0.0012,0.00120000000000028
0.0025,0.0024999999999999497
0.5632,0.5018582724849644
0.0125,0.012499999999997482
0.0012,0.00120000000000028
0.3439,0.33754883471967695
0.0025,0.0024999999999999497
0.0161,0.014860040545792999
0.0012,0.00120000000000028
0.4253,0.38785130032584114
0.0012,0.00120000000000028
0.0118,0.010514475105961396
0.0209,0.01904997657418359
0.0152,0.014928095359876657
0.0025,0.0024999999999999497
0.0125,0.012499999999997482
0.0025,0.0024999999999999497
0.0005,0.000500000000000017
0.0005,0.000500000000000017
0.0012,0.00120000000000028
0.0112,0.010423543228870484
0.0005,0.000500000000000017
0.0025,0.0024999999999999497
0.0163,0.015017709069944549
0.0138,0.012027812743337524
0.5383,0.49889261615749125
0.0174,0.018017167521467186
0.0025,0.0024999999999999497
0.018,0.01964006027826224
0.0125,0.012499999999997482
0.0133,0.01502263849381886
0.0012,0.00120000000000028
0.0025,0.0024999999999999497
0.0125,0.012499999999997482
0.0125,0.012499999999997482
0.0128,0.012166343095144218
0.0005,0.000500000000000017
0.0012,0.00120000000000028
0.0184,0.01861902938364617
0.0005,0.000500000000000017
0.0194,0.018800695731584834
0.0005,0.000500000000000017
0.0125,0.012499999999997482
0.0005,0.000500000000000017
0.538,0.49841167732786135
0.0012,0.00120000000000028
0.0125,0.012499999999997482
0.5423,0.4907302687392231
0.018,0.019216664038984973
0.0125,0.012499999999997482
0.0106,0.010469982276712057
0.0025,0.0024999999999999497
0.0125,0.012499999999997482
0.0092,0.010607812697479955
0.0125,0.012499999999997482
0.0012,0.00120000000000028
0.0194,0.01874953180422957
0.0125,0.012499999999997482
0.0159,0.018040994360830388
0.0125,0.012499999999997482
0.335,0.37571290602009805
0.0005,0.000500000000000017
0.0204,0.018730035224747584
0.0125,0.012499999999997482
0.0012,0.00120000000000028
0.0105,0.010494947167459124
0.0005,0.000500000000000017
0.0025,0.0024999999999999497
0.0005,0.000500000000000017
0.0005,0.000500000000000017
0.0157,0.017825244650836587
0.0005,0.000500000000000017
0.0099,0.010492806246246046
0.0005,0.000500000000000017
0.0186,0.017951813342175892
0.0025,0.0024999999999999497
0.4205,0.40203717701959635
0.0184,0.019377514081726034
0.0125,0.012499999999997482
0.0005,0.000500000000000017
0.0125,0.012499999999997482
0.0099,0.010509890078488437
0.0125,0.012499999999997482
0.0005,0.000500000000000017
0.0192,0.0187990989448552
0.0012,0.00120000000000028
0.0012,0.00120000000000028
0.0005,0.000500000000000017
0.0204,0.018809541780124783
0.0124,0.011874733281967862
0.0005,0.000500000000000017
0.0005,0.000500000000000017
0.0005,0.000500000000000017
0.0005,0.000500000000000017
0.0012,0.00120000000000028
0.0115,0.010426957106835798
0.0005,0.000500000000000017
0.0183,0.019360362321610976
0.013,0.01503567237364012
0.0005,0.000500000000000017
0.0012,0.00120000000000028
0.0005,0.000500000000000017
0.0138,0.014978180180478902
0.0005,0.000500000000000017
0.0025,0.0024999999999999497
0.0109,0.011969966163581883
0.0005,0.000500000000000017
0.0095,0.010425279858923825
0.3387,0.39315822052168997
0.0162,0.01881659145698319
0.0125,0.012499999999997482
0.0005,0.000500000000000017
0.0172,0.018579167737367966
0.0005,0.000500000000000017
0.3516,0.3787740359349159
0.0005,0.000500000000000017
0.3769,0.40144503636617074
0.0012,0.00120000000000028
0.0125,0.012499999999997482
0.0005,0.000500000000000017
0.0005,0.000500000000000017
0.0125,0.012499999999997482
0.0125,0.012499999999997482
0.0025,0.0024999999999999497
0.0125,0.012499999999997482
0.0005,0.000500000000000017
0.0025,0.0024999999999999497
0.0012,0.00120000000000028
0.0025,0.0024999999999999497
0.0025,0.0024999999999999497
0.0177,0.018077660632177167
0.0012,0.00120000000000028
0.0125,0.012499999999997482
0.0201,0.01875104959132766
0.0025,0.0024999999999999497
0.0012,0.00120000000000028
0.02,0.019463556866818454
0.0005,0.000500000000000017
0.0025,0.0024999999999999497
0.0197,0.018569589554879938
0.0125,0.012499999999997482
0.0125,0.012499999999997482
0.0025,0.0024999999999999497
0.0174,0.018364438487931355
0.0125,0.012499999999997482
0.0012,0.00120000000000028
0.0214,0.018766363350447086
0.0125,0.012499999999997482
0.0012,0.00120000000000028
0.0116,0.01033618375460035
0.0109,0.01051746240368579
0.0005,0.000500000000000017
0.0005,0.000500000000000017
0.0005,0.000500000000000017
0.009,0.010566507475285954
0.0106,0.01210658240004506
0.0125,0.012499999999997482
0.0025,0.0024999999999999497
0.3382,0.3893279767559109
0.0208,0.01865816063893894
0.0113,0.010450117977702338
0.0208,0.019366957162077897
0.0005,0.000500000000000017
0.0168,0.018008239961535735
0.3547,0.3958960581918103
0.0025,0.0024999999999999497
0.0012,0.00120000000000028
0.0025,0.0024999999999999497
0.0005,0.000500000000000017
0.0012,0.00120000000000028
0.0178,0.018159750118709933
0.4486,0.496242295556239
0.0125,0.012499999999997482
0.0184,0.018766500407146034
0.0194,0.01944644384659487
0.0098,0.010478538087757516
0.0012,0.00120000000000028
0.0012,0.00120000000000028
0.0139,0.015266074792958445
0.0005,0.000500000000000017
0.0125,0.012499999999997482
0.0005,0.000500000000000017
0.3559,0.3751788861553813
0.4289,0.5041770530203964
0.0125,0.012499999999997482
0.0005,0.000500000000000017
0.0125,0.012499999999997482
0.0005,0.000500000000000017
0.0012,0.00120000000000028
0.3348,0.3418918446913963
0.0005,0.000500000000000017
0.0189,0.01852412746949794
0.0169,0.01790712336364424
0.0012,0.00120000000000028
0.0125,0.012499999999997482
0.0005,0.000500000000000017
0.0005,0.000500000000000017
0.0005,0.000500000000000017
0.0005,0.000500000000000017
0.0136,0.014956594246024316
0.0005,0.000500000000000017
0.0204,0.019387345035645993
0.0174,0.018847143938460324
0.0005,0.000500000000000017
0.0025,0.0024999999999999497
0.0125,0.012499999999997482
0.3905,0.36899956902582515
0.0177,0.01875573068846526
0.0125,0.012499999999997482
0.0012,0.00120000000000028
0.0091,0.010422542460573803
0.02,0.019136502302871054
0.0005,0.000500000000000017
0.3262,0.37052810867378994
0.016,0.014998724419286702
0.0157,0.014995891146000561
0.0012,0.00120000000000028
0.0176,0.018084195739669528
0.0125,0.012499999999997482
0.0005,0.000500000000000017
0.5434,0.5010727873641322
0.0025,0.0024999999999999497
0.0092,0.010321126992543705
0.3882,0.3922023377478162
0.0107,0.01051926828506806
0.018,0.018721382163735794
0.0121,0.010483703010486418
0.0005,0.000500000000000017
0.0012,0.00120000000000028
0.0005,0.000500000000000017
0.0161,0.018041500325416474
0.0125,0.012499999999997482
0.0012,0.00120000000000028
0.0132,0.012142254152605796
0.0005,0.000500000000000017
0.0025,0.0024999999999999497
0.0192,0.017643746816474133
0.0012,0.00120000000000028
0.3052,0.34099813182123784
0.0012,0.00120000000000028
0.0025,0.0024999999999999497
0.0171,0.018797915209151507
0.0025,0.0024999999999999497
0.0212,0.01872684933102455
0.0214,0.018804440302761728
0.0201,0.018726659713625155
0.3307,0.3333378878173567
0.0207,0.01947377888120212
0.0205,0.01871753589926598
0.4423,0.4033933859048102
0.0125,0.012499999999997482
0.0125,0.012499999999997482
0.0005,0.000500000000000017
0.3496,0.3407553131024613
0.0125,0.012499999999997482
0.4494,0.38664877599138614
0.0025,0.0024999999999999497
0.0012,0.00120000000000028
0.3276,0.3693135502269951
0.0025,0.0024999999999999497
0.0025,0.0024999999999999497
0.0125,0.012499999999997482
0.0157,0.014869049584278623
0.0025,0.0024999999999999497
0.0125,0.012499999999997482
0.0012,0.00120000000000028
0.0125,0.012499999999997482
0.0005,0.000500000000000017
0.0012,0.00120000000000028
0.0097,0.010540288682581356
0.0204,0.019912625113379087
0.0125,0.012499999999997482
0.0005,0.000500000000000017
0.0125,0.012499999999997482
0.3205,0.33853535690154746
0.0012,0.00120000000000028
0.0012,0.00120000000000028
0.0186,0.017984205876776946
0.0005,0.000500000000000017
0.0105,0.010455782044041836
0.0177,0.01859337061286179
0.0131,0.015109439567300993
0.0005,0.000500000000000017
0.0025,0.0024999999999999497
0.0012,0.00120000000000028
0.0165,0.018720366876224324
0.014,0.015056589379848504
0.0205,0.01813640294755467
0.0097,0.010403066322628787
0.0005,0.000500000000000017
0.0005,0.000500000000000017
0.0005,0.000500000000000017
0.0025,0.0024999999999999497
0.0025,0.0024999999999999497
0.0012,0.00120000000000028
0.0012,0.00120000000000028
0.0005,0.000500000000000017
0.0005,0.000500000000000017
0.0025,0.0024999999999999497
0.019,0.01953100724232945
0.0193,0.018688967486151314
0.0125,0.012499999999997482
0.4592,0.4994969044819246
0.0005,0.000500000000000017
0.4332,0.3860346445482734
0.0025,0.0024999999999999497
0.0025,0.0024999999999999497
0.3996,0.3853595510899039
0.0005,0.000500000000000017
0.0151,0.015202342642773316
0.0102,0.010586277111907925
0.4099,0.39047458457912215
0.2948,0.33509659311730566
0.0208,0.018626436718608835
0.0012,0.00120000000000028
0.0025,0.0024999999999999497
0.0005,0.000500000000000017
0.3839,0.4152636306186109
0.5547,0.5227110909856958
0.0012,0.00120000000000028
0.4549,0.5042774545027786
0.0012,0.00120000000000028
0.0005,0.000500000000000017
0.0005,0.000500000000000017
0.0125,0.012499999999997482
0.0205,0.018797068124482036
0.0199,0.01789833704616871
0.0005,0.000500000000000017
0.0203,0.018587046882670016
0.4009,0.39865096688564305
0.0012,0.00120000000000028
0.0005,0.000500000000000017
0.3051,0.33341817635469717
0.3796,0.3942911273810194
0.0012,0.00120000000000028
0.4284,0.36962074108693554
0.0012,0.00120000000000028
0.0193,0.01880847173032924
0.0005,0.000500000000000017
0.0125,0.012499999999997482
0.2939,0.3382983676834438
0.0012,0.00120000000000028
0.0208,0.018670369625430325
0.0167,0.01812060713365825
0.0005,0.000500000000000017
0.0025,0.0024999999999999497
0.0005,0.000500000000000017
0.0005,0.000500000000000017
0.0125,0.012499999999997482
0.0025,0.0024999999999999497
0.3313,0.3357226340991473
0.0005,0.000500000000000017
0.0005,0.000500000000000017
0.013,0.015026678970642623
0.0012,0.00120000000000028
0.0012,0.00120000000000028
0.0012,0.00120000000000028
0.0125,0.012499999999997482
0.0151,0.01495989884661158
0.0005,0.000500000000000017
0.0005,0.000500000000000017
0.0134,0.01189474918783932
0.0005,0.000500000000000017
0.0005,0.000500000000000017
0.018,0.018093564149959582
0.0012,0.00120000000000028
0.0012,0.00120000000000028
0.3783,0.3335282688348489
0.4065,0.37621220536678995
0.4041,0.3676286912830911
0.0005,0.000500000000000017
0.0179,0.01806955654900962
0.3634,0.39803105471212485
0.0142,0.014827691459466648
0.0125,0.012499999999997482
0.0005,0.000500000000000017
0.0125,0.012499999999997482
0.0185,0.018035455848695356
0.0012,0.00120000000000028
0.0005,0.000500000000000017
0.0173,0.018821576016107934
0.0145,0.015221236841457653
0.0012,0.00120000000000028
0.5046,0.49932406213131186
0.0161,0.0190477566727671
0.3587,0.33669706686485257
0.0005,0.000500000000000017
0.0161,0.017987901609459997
0.0125,0.012499999999997482
0.0125,0.012499999999997482
0.0005,0.000500000000000017
0.4021,0.37818150330377565
0.0125,0.012499999999997482
0.0012,0.00120000000000028
0.0125,0.012499999999997482
0.0202,0.01878924148817632
0.012,0.01199584359049676
0.0125,0.012499999999997482
0.4301,0.39932025971381135
0.0191,0.018479166875539264
0.0125,0.012499999999997482
0.0005,0.000500000000000017
0.0206,0.018052614032289832
0.0012,0.00120000000000028
0.0182,0.01939285276627205
0.0197,0.017690048793538048
0.3152,0.33598466103865776
0.0005,0.000500000000000017
0.4051,0.3982031916425302
0.0012,0.00120000000000028
0.0102,0.010500575304729603
0.0005,0.000500000000000017
0.0204,0.017872578377342605
0.0125,0.012499999999997482
0.0005,0.000500000000000017
0.0168,0.018208894770677005
0.0025,0.0024999999999999497
0.0012,0.00120000000000028
0.0005,0.000500000000000017
0.0166,0.015005251667909239
0.3335,0.3427316286202412
0.3993,0.3786125296060289
0.0177,0.018185325908673534
0.0005,0.000500000000000017
0.0012,0.00120000000000028
0.0025,0.0024999999999999497
0.0125,0.012499999999997482
0.0125,0.012499999999997482
0.0005,0.000500000000000017
0.0025,0.0024999999999999497
0.0102,0.0105606220098804
0.0174,0.019617876915763006
0.4876,0.5091045357751897
0.0125,0.012499999999997482
0.0125,0.012499999999997482
0.0154,0.015036640716399955
0.0005,0.000500000000000017
0.0005,0.000500000000000017
0.0136,0.012136873962837445
0.0005,0.000500000000000017
0.0012,0.00120000000000028
0.0025,0.0024999999999999497
0.0025,0.0024999999999999497
0.0012,0.00120000000000028
0.0012,0.00120000000000028
0.0005,0.000500000000000017
0.0125,0.012499999999997482
0.0201,0.01881594105335901
0.0005,0.000500000000000017
0.0025,0.0024999999999999497
0.0125,0.012499999999997482
0.0163,0.018697360662838447
0.0117,0.010447369532612211
0.0204,0.01877646965208603
0.0012,0.00120000000000028
0.021,0.01954148150010969
0.0123,0.011948447192794389
0.0012,0.00120000000000028
0.0125,0.012499999999997482
0.0114,0.010466283421569815
0.0005,0.000500000000000017
0.0125,0.012499999999997482
0.0125,0.012499999999997482
0.0173,0.019308221634311448
0.0012,0.00120000000000028
0.3943,0.39307817485255875
0.0025,0.0024999999999999497
0.019,0.018757988523537904
0.0005,0.000500000000000017
0.0111,0.010422583549407132
0.0119,0.012024672126117226
0.0005,0.000500000000000017
0.5132,0.5029019983599538
0.0187,0.018758299967668954
0.0131,0.015321641277447588
0.0171,0.018711428525894393
0.0125,0.012499999999997482
0.017,0.018612300211142133
0.0025,0.0024999999999999497
0.0213,0.01940338126316652
0.0005,0.000500000000000017
0.0173,0.0189447690662536
0.0188,0.019653411736749032
0.3872,0.33834557991375647
0.0025,0.0024999999999999497
0.3819,0.3948500102169926
0.0005,0.000500000000000017
0.0095,0.010412795771775037
0.0125,0.012499999999997482
0.0012,0.00120000000000028
0.0005,0.000500000000000017
0.3242,0.3715587335996464
0.0118,0.0105145729919305
0.0005,0.000500000000000017
0.0025,0.0024999999999999497
0.0125,0.012499999999997482
0.0199,0.018061646819773295
0.0005,0.000500000000000017
0.0005,0.000500000000000017
0.568,0.4964913714302805
0.0125,0.012499999999997482
0.4254,0.3707231824099886
0.0125,0.012499999999997482
0.4857,0.5036416869670375
0.0005,0.000500000000000017
0.0025,0.0024999999999999497
0.0005,0.000500000000000017
0.0025,0.0024999999999999497
0.4078,0.3794462816586989
0.0025,0.0024999999999999497
0.0157,0.017967710860947884
0.0005,0.000500000000000017
0.0012,0.00120000000000028
0.0005,0.000500000000000017
0.0125,0.012499999999997482
0.0102,0.010348717779780983
0.0005,0.000500000000000017
0.4525,0.515692731588182
0.0012,0.00120000000000028
0.0005,0.000500000000000017
0.0012,0.00120000000000028
0.018,0.01778053094369108
0.0012,0.00120000000000028
0.0005,0.000500000000000017
0.0005,0.000500000000000017
0.0025,0.0024999999999999497
0.0025,0.0024999999999999497
0.0005,0.000500000000000017
0.0005,0.000500000000000017
0.0012,0.00120000000000028
0.0005,0.000500000000000017
0.0012,0.00120000000000028
0.3838,0.38328015807005916
0.0162,0.017962100579402392
0.0012,0.00120000000000028
0.012,0.010361739493690491
0.0119,0.011940168778506208
0.0025,0.0024999999999999497
0.0125,0.012499999999997482
0.0125,0.012499999999997482
0.0012,0.00120000000000028
0.0101,0.010480548853157997
0.0025,0.0024999999999999497
0.0125,0.012499999999997482
0.0005,0.000500000000000017
0.0125,0.012499999999997482
0.0125,0.012499999999997482
0.0128,0.011970473850418264
0.0025,0.0024999999999999497
0.0125,0.012499999999997482
0.0125,0.012499999999997482
0.0187,0.01876740484618362
0.0203,0.01788504079164832
0.013,0.011949898987934233
0.0125,0.012499999999997482
0.0125,0.012499999999997482
0.0185,0.019734161804766937
0.0005,0.000500000000000017
0.0168,0.01820812376532876
0.0165,0.014874976866880614
0.021,0.01880664554676804
0.0025,0.0024999999999999497
0.0176,0.01972816193035171
0.0194,0.018543826420798673
0.0025,0.0024999999999999497
0.0201,0.01874335976118364
0.0005,0.000500000000000017
0.4117,0.40337561708439457
0.0147,0.014909211716624363
0.0005,0.000500000000000017
0.0182,0.01789735706653711
0.0125,0.012499999999997482
0.0005,0.000500000000000017
0.0125,0.012499999999997482
0.0012,0.00120000000000028
0.0012,0.00120000000000028
0.0125,0.012499999999997482
0.0005,0.000500000000000017
0.017,0.018095967814328758
0.0012,0.00120000000000028
0.5052,0.4987397452250494
0.0005,0.000500000000000017
0.3374,0.3815305950886503
0.3579,0.37117570446028436
0.0005,0.000500000000000017
0.0012,0.00120000000000028
0.0025,0.0024999999999999497
0.0102,0.010405008985062573
0.0125,0.012499999999997482
0.3477,0.3743357589829963
0.0172,0.018053042315128498
0.0125,0.012499999999997482
0.0125,0.012499999999997482
0.0025,0.0024999999999999497
0.0005,0.000500000000000017
0.0134,0.015009069582491682
0.0005,0.000500000000000017
0.0111,0.01054274759187908
0.0153,0.014862967927796488
0.0005,0.000500000000000017
0.3365,0.3383714943587638
0.0012,0.00120000000000028
0.0005,0.000500000000000017
0.0216,0.018769971061873485
0.0161,0.017993997631629288
0.0005,0.000500000000000017
0.0012,0.00120000000000028
0.0005,0.000500000000000017
0.0012,0.00120000000000028
0.0025,0.0024999999999999497
0.0012,0.00120000000000028
0.0005,0.000500000000000017
0.0012,0.00120000000000028
0.0125,0.012499999999997482
0.0012,0.00120000000000028
0.0012,0.00120000000000028
0.3319,0.33764332010184006
0.3485,0.3287100867906758
0.55,0.5102295964794495
0.0189,0.01951837892693763
0.0012,0.00120000000000028
0.0164,0.01822454905230463
0.0165,0.018067828793201592
0.0005,0.000500000000000017
0.0025,0.0024999999999999497
0.0005,0.000500000000000017
0.0012,0.00120000000000028
0.0005,0.000500000000000017
0.3431,0.3955637591849653
0.0012,0.00120000000000028
0.0125,0.012499999999997482
0.0012,0.00120000000000028
0.0012,0.00120000000000028
0.0005,0.000500000000000017
0.0218,0.019543353912694458
0.0005,0.000500000000000017
0.0025,0.0024999999999999497
0.0199,0.01945355605827852
0.0012,0.00120000000000028
0.0012,0.00120000000000028
0.0005,0.000500000000000017
0.3686,0.3753271248304552
0.0005,0.000500000000000017
0.0012,0.00120000000000028
0.0125,0.012499999999997482
0.0112,0.010489629449942962
0.0012,0.00120000000000028
0.0005,0.000500000000000017
0.0125,0.012499999999997482
0.0012,0.00120000000000028
0.3157,0.34349870550054407
0.0005,0.000500000000000017
0.0025,0.0024999999999999497
0.0012,0.00120000000000028
0.0168,0.014735454914072051
0.0125,0.012499999999997482
0.0025,0.0024999999999999497
0.0025,0.0024999999999999497
0.0012,0.00120000000000028
0.0186,0.01877908950940129
0.0012,0.00120000000000028
0.0025,0.0024999999999999497
0.4282,0.40396283602843025
0.0005,0.000500000000000017
0.0025,0.0024999999999999497
0.0005,0.000500000000000017
0.3454,0.32568205532411665
0.0005,0.000500000000000017
0.0005,0.000500000000000017
0.0177,0.018070581482937175
0.0025,0.0024999999999999497
0.0005,0.000500000000000017
0.0093,0.010389538260641689
0.0094,0.010776960948909791
0.0125,0.012499999999997482
0.0005,0.000500000000000017
0.0136,0.011880278405723919
0.0025,0.0024999999999999497
0.0125,0.012499999999997482
0.0005,0.000500000000000017
0.0186,0.01946011087897398
0.0125,0.012499999999997482
0.0025,0.0024999999999999497
0.0005,0.000500000000000017
0.0125,0.012499999999997482
0.0012,0.00120000000000028
0.0155,0.015102628536955947
0.0012,0.00120000000000028
0.0005,0.000500000000000017
0.0125,0.012499999999997482
0.0005,0.000500000000000017
0.0194,0.018783029240530078
0.0025,0.0024999999999999497
0.0194,0.019282183047594447
0.017,0.01491394829253722
0.0197,0.018694917290394467
0.0025,0.0024999999999999497
0.0173,0.01798999022430397
0.0025,0.0024999999999999497
0.0169,0.018797190344785067
0.4043,0.3750262109422047
0.0125,0.012499999999997482
0.3846,0.3950733025559756
0.0125,0.012499999999997482
0.0193,0.01890729595515477
0.0025,0.0024999999999999497
0.019,0.019038525235802805
0.0012,0.00120000000000028
0.0012,0.00120000000000028
0.0138,0.011998445426673294
0.0164,0.015103454044715407
0.0125,0.012499999999997482
0.0194,0.018792555242082853
0.0125,0.012499999999997482
0.0133,0.014983114232900226
0.4567,0.3952049823825927
0.0171,0.01898233664417951
0.0129,0.011998581818967409
0.021,0.018836003129261324
0.0154,0.015132346909965115
0.0146,0.014732210817801218
0.0129,0.011960954856605336
0.0012,0.00120000000000028
0.4022,0.373215438003897
0.3249,0.3319357105377594
0.0012,0.00120000000000028
0.0012,0.00120000000000028
0.0125,0.012499999999997482
0.0173,0.018672246297653742
0.3895,0.39486822065925314
0.0125,0.012499999999997482
0.0189,0.01809401211962605
0.0025,0.0024999999999999497
0.0012,0.00120000000000028
0.0158,0.017838673591114105
0.0125,0.012499999999997482
0.0125,0.012499999999997482
0.0005,0.000500000000000017
0.3807,0.33996064564786393
0.0005,0.000500000000000017
0.0005,0.000500000000000017
0.0025,0.0024999999999999497
0.0131,0.011986598941317199
0.0005,0.000500000000000017
0.4332,0.39162750953262476
0.0005,0.000500000000000017
0.0102,0.010396600441770362
0.0182,0.018269443809005522
0.0125,0.012499999999997482
0.0182,0.01946645296555779
0.0195,0.01891373814734141
0.0176,0.018725001103074082
0.0125,0.012499999999997482
0.0025,0.0024999999999999497
0.0005,0.000500000000000017
0.0005,0.000500000000000017
0.5564,0.496515671043238
0.0025,0.0024999999999999497
0.0125,0.012499999999997482
0.0012,0.00120000000000028
0.0005,0.000500000000000017
0.022,0.019401466585210386
0.0125,0.012499999999997482
0.0125,0.012499999999997482
0.015,0.014984685393809614
0.0025,0.0024999999999999497
0.0185,0.018784039365963616
0.0005,0.000500000000000017
0.0005,0.000500000000000017
0.0005,0.000500000000000017
0.0005,0.000500000000000017
0.0005,0.000500000000000017
0.0196,0.018178908383866953
0.0125,0.012499999999997482
0.0125,0.012499999999997482
0.0025,0.0024999999999999497
0.0012,0.00120000000000028
0.0209,0.018783221143692075
0.0194,0.018811109735076423
0.3469,0.3745718686281381
0.0005,0.000500000000000017
0.0125,0.012499999999997482
0.0025,0.0024999999999999497
0.0005,0.000500000000000017
0.0183,0.018179748513722064
0.0005,0.000500000000000017
0.0195,0.018700548011538923
0.0005,0.000500000000000017
0.0012,0.00120000000000028
0.0025,0.0024999999999999497
0.0125,0.012499999999997482
0.0012,0.00120000000000028
0.3325,0.33744820652411034
0.0005,0.000500000000000017
0.0182,0.0178345778528567
0.0012,0.00120000000000028
0.0125,0.012499999999997482
0.0012,0.00120000000000028
0.0025,0.0024999999999999497
0.0124,0.011858899438690961
0.0005,0.000500000000000017
0.296,0.33611192711858706
0.0125,0.012499999999997482
0.0138,0.015058435843966966
0.0125,0.012499999999997482
0.0012,0.00120000000000028
0.0132,0.015024724311681798
0.0025,0.0024999999999999497
0.3641,0.3716477765224526
0.0104,0.010488210561343705
0.0125,0.012499999999997482
0.0005,0.000500000000000017
0.0005,0.000500000000000017
0.0025,0.0024999999999999497
0.011,0.010517040363147186
0.3831,0.38140027372016116
0.0169,0.018770108840582257
0.0125,0.012499999999997482
0.016,0.018821904354954126
0.0005,0.000500000000000017
0.0171,0.015060475671182634
0.0211,0.019377733480206983
0.0025,0.0024999999999999497
0.0189,0.018811438846233586
0.0125,0.012499999999997482
0.0128,0.012203995046880333
0.0005,0.000500000000000017
0.0012,0.00120000000000028
0.0125,0.012499999999997482
0.0125,0.012499999999997482
0.0012,0.00120000000000028
0.0005,0.000500000000000017
0.0012,0.00120000000000028
0.017,0.018633792845894993
0.0025,0.0024999999999999497
0.0102,0.010411443257809141
0.0116,0.011954496925271474
0.0025,0.0024999999999999497
0.0012,0.00120000000000028
0.0005,0.000500000000000017
0.0005,0.000500000000000017
0.415,0.3791759957363774
0.0005,0.000500000000000017
0.0005,0.000500000000000017
0.0125,0.012499999999997482
0.0005,0.000500000000000017
0.0025,0.0024999999999999497
0.0005,0.000500000000000017
0.0025,0.0024999999999999497
0.3423,0.3770363560453995
0.0025,0.0024999999999999497
0.0025,0.0024999999999999497
0.0005,0.000500000000000017
0.0005,0.000500000000000017
0.3056,0.33855512558938416
0.0012,0.00120000000000028
0.0005,0.000500000000000017
0.0012,0.00120000000000028
0.0129,0.011968691735112032
0.0166,0.01900100326589989
0.0148,0.014931704483107718
0.0125,0.012499999999997482
0.0005,0.000500000000000017
0.0005,0.000500000000000017
0.0012,0.00120000000000028
0.0012,0.00120000000000028
0.0125,0.012499999999997482
0.0125,0.012499999999997482
0.0005,0.000500000000000017
0.0005,0.000500000000000017
0.0005,0.000500000000000017
0.009,0.010605711346731071
0.0125,0.012499999999997482
0.0012,0.00120000000000028
0.0125,0.012499999999997482
0.0005,0.000500000000000017
0.4334,0.38480646532507046
0.0005,0.000500000000000017
0.3506,0.375995658096532
0.021,0.018734589466953763
0.0012,0.00120000000000028
0.0196,0.019427985191886342
0.0005,0.000500000000000017
0.4355,0.38725051252159737
0.0025,0.0024999999999999497
0.0025,0.0024999999999999497
0.4933,0.497972616579209
0.0125,0.012499999999997482
0.0012,0.00120000000000028
0.0125,0.012499999999997482
0.0005,0.000500000000000017
0.4071,0.3916487306870236
0.2984,0.34079796850183897
0.0154,0.01787316740330022
0.0012,0.00120000000000028
0.0125,0.012499999999997482
0.0005,0.000500000000000017
0.0025,0.0024999999999999497
0.0012,0.00120000000000028
0.0181,0.018851329520402416
0.3207,0.3379018953142334
0.0185,0.0190228711989893
0.0005,0.000500000000000017
0.4174,0.3760048274540461
0.0005,0.000500000000000017
0.0206,0.018887648074949647
0.3542,0.33505813390384964
0.3576,0.3789342939003337
0.0199,0.018825314459052833
0.0125,0.012499999999997482
0.0191,0.018638121122862953
0.0142,0.014957008061241485
0.3712,0.39734346499177664
0.0012,0.00120000000000028
0.3768,0.3875491835264188
0.0125,0.012499999999997482
0.0125,0.012499999999997482
0.0125,0.012499999999997482
0.0125,0.012499999999997482
0.013,0.011996073481926437
0.0106,0.01063106547695573
0.0012,0.00120000000000028
0.0215,0.01981484563968048
0.0005,0.000500000000000017
0.0112,0.010506756817200147
0.5404,0.4967195520683979
0.0012,0.00120000000000028
0.3188,0.34102340906201795
0.0025,0.0024999999999999497
0.0125,0.012499999999997482
0.011,0.010662494476142047
0.0217,0.01936181365692359
0.0132,0.011803721365828489
0.0201,0.019018729410623075
0.0125,0.012499999999997482
0.0005,0.000500000000000017
0.0025,0.0024999999999999497
0.0125,0.012499999999997482
0.0162,0.018793625762642742
0.0025,0.0024999999999999497
0.0136,0.014904266769739749
0.0125,0.012499999999997482
0.0005,0.000500000000000017
0.0187,0.018741581181351708
0.3797,0.37737687077775006
0.0125,0.012499999999997482
0.3152,0.3354209676558559
0.0005,0.000500000000000017
0.0005,0.000500000000000017
0.0181,0.018755041071749263
0.0125,0.012499999999997482
0.3639,0.34973228332918005
0.0125,0.012499999999997482
0.2891,0.33737681741464487
0.0025,0.0024999999999999497
0.0005,0.000500000000000017
0.0196,0.019526306228457822
0.0005,0.000500000000000017
0.0025,0.0024999999999999497
0.5275,0.5078595236270366
0.021,0.01961954999937824
0.0005,0.000500000000000017
0.0178,0.018833200412316283
0.4596,0.3995629692567657
0.0012,0.00120000000000028
0.0025,0.0024999999999999497
0.0005,0.000500000000000017
0.0005,0.000500000000000017
0.4104,0.3755600322075617
0.0025,0.0024999999999999497
0.0164,0.017969258003312696
0.0012,0.00120000000000028
0.3222,0.33299165311168394
0.0157,0.017857386737238346
0.0125,0.012499999999997482
0.017,0.019591548157968697
0.0191,0.01786601459551447
0.0122,0.012052871084387372
