timestamp,room,device,power_watts,temperature,humidity,is_device_on
2026-04-25 17:27:11,Room_1,AC,50.0,24.21,58.8,0
2026-04-25 17:27:11,Room_1,Heater,10.0,24.21,58.8,0
2026-04-25 17:27:11,Room_1,Fan,75.0,24.21,58.8,1
2026-04-25 17:27:11,Room_1,Lights,60.0,24.21,58.8,1
2026-04-25 17:27:13,Room_1,AC,50.0,24.45,58.6,0
2026-04-25 17:27:13,Room_1,Heater,10.0,24.45,58.6,0
2026-04-25 17:27:13,Room_1,Fan,75.0,24.45,58.6,1
2026-04-25 17:27:13,Room_1,Lights,60.0,24.45,58.6,1
2026-04-25 17:27:15,Room_1,AC,50.0,24.71,57.4,0
2026-04-25 17:27:15,Room_1,Heater,10.0,24.71,57.4,0
2026-04-25 17:27:15,Room_1,Fan,75.0,24.71,57.4,1
2026-04-25 17:27:15,Room_1,Lights,2.0,24.71,57.4,0
2026-04-25 17:27:17,Room_1,AC,50.0,24.94,56.3,0
2026-04-25 17:27:17,Room_1,Heater,10.0,24.94,56.3,0
2026-04-25 17:27:17,Room_1,Fan,75.0,24.94,56.3,1
2026-04-25 17:27:17,Room_1,Lights,2.0,24.94,56.3,0
2026-04-25 17:27:19,Room_1,AC,50.0,25.2,55.0,0
2026-04-25 17:27:19,Room_1,Heater,10.0,25.2,55.0,0
2026-04-25 17:27:19,Room_1,Fan,75.0,25.2,55.0,1
2026-04-25 17:27:19,Room_1,Lights,2.0,25.2,55.0,0
2026-04-25 17:27:21,Room_1,AC,50.0,25.4,55.1,0
2026-04-25 17:27:21,Room_1,Heater,10.0,25.4,55.1,0
2026-04-25 17:27:21,Room_1,Fan,75.0,25.4,55.1,1
2026-04-25 17:27:21,Room_1,Lights,2.0,25.4,55.1,0
2026-04-25 17:27:23,Room_1,AC,50.0,25.65,54.1,0
2026-04-25 17:27:23,Room_1,Heater,10.0,25.65,54.1,0
2026-04-25 17:27:23,Room_1,Fan,75.0,25.65,54.1,1
2026-04-25 17:27:23,Room_1,Lights,2.0,25.65,54.1,0
2026-04-25 17:27:25,Room_1,AC,50.0,25.92,54.3,0
2026-04-25 17:27:25,Room_1,Heater,10.0,25.92,54.3,0
2026-04-25 17:27:25,Room_1,Fan,5.0,25.92,54.3,0
2026-04-25 17:27:25,Room_1,Lights,2.0,25.92,54.3,0
2026-04-25 17:27:27,Room_1,AC,50.0,26.17,54.1,0
2026-04-25 17:27:27,Room_1,Heater,10.0,26.17,54.1,0
2026-04-25 17:27:27,Room_1,Fan,75.0,26.17,54.1,1
2026-04-25 17:27:27,Room_1,Lights,2.0,26.17,54.1,0
2026-04-25 17:27:29,Room_1,AC,50.0,25.93,55.6,0
2026-04-25 17:27:29,Room_1,Heater,10.0,25.93,55.6,0
2026-04-25 17:27:29,Room_1,Fan,75.0,25.93,55.6,1
2026-04-25 17:27:29,Room_1,Lights,2.0,25.93,55.6,0
2026-04-25 17:27:31,Room_1,AC,50.0,26.13,55.6,0
2026-04-25 17:27:31,Room_1,Heater,10.0,26.13,55.6,0
2026-04-25 17:27:31,Room_1,Fan,75.0,26.13,55.6,1
2026-04-25 17:27:31,Room_1,Lights,2.0,26.13,55.6,0
2026-04-25 17:27:33,Room_1,AC,50.0,26.37,54.4,0
2026-04-25 17:27:33,Room_1,Heater,10.0,26.37,54.4,0
2026-04-25 17:27:33,Room_1,Fan,5.0,26.37,54.4,0
2026-04-25 17:27:33,Room_1,Lights,2.0,26.37,54.4,0
2026-04-25 17:27:35,Room_1,AC,50.0,26.57,54.1,0
2026-04-25 17:27:35,Room_1,Heater,10.0,26.57,54.1,0
2026-04-25 17:27:35,Room_1,Fan,75.0,26.57,54.1,1
2026-04-25 17:27:35,Room_1,Lights,2.0,26.57,54.1,0
2026-04-25 17:27:37,Room_1,AC,50.0,26.79,53.5,0
2026-04-25 17:27:37,Room_1,Heater,10.0,26.79,53.5,0
2026-04-25 17:27:37,Room_1,Fan,75.0,26.79,53.5,1
2026-04-25 17:27:37,Room_1,Lights,2.0,26.79,53.5,0
2026-04-25 17:27:39,Room_1,AC,50.0,27.06,53.7,0
2026-04-25 17:27:39,Room_1,Heater,10.0,27.06,53.7,0
2026-04-25 17:27:39,Room_1,Fan,75.0,27.06,53.7,1
2026-04-25 17:27:39,Room_1,Lights,2.0,27.06,53.7,0
2026-04-25 17:27:41,Room_1,AC,50.0,27.26,53.2,0
2026-04-25 17:27:41,Room_1,Heater,10.0,27.26,53.2,0
2026-04-25 17:27:41,Room_1,Fan,5.0,27.26,53.2,0
2026-04-25 17:27:41,Room_1,Lights,2.0,27.26,53.2,0
2026-04-25 17:27:43,Room_1,AC,50.0,27.54,51.7,0
2026-04-25 17:27:43,Room_1,Heater,10.0,27.54,51.7,0
2026-04-25 17:27:43,Room_1,Fan,5.0,27.54,51.7,0
2026-04-25 17:27:43,Room_1,Lights,2.0,27.54,51.7,0
2026-04-25 17:27:45,Room_1,AC,50.0,27.76,51.4,0
2026-04-25 17:27:45,Room_1,Heater,10.0,27.76,51.4,0
2026-04-25 17:27:45,Room_1,Fan,5.0,27.76,51.4,0
2026-04-25 17:27:45,Room_1,Lights,2.0,27.76,51.4,0
2026-04-25 17:27:47,Room_1,AC,50.0,28.03,51.6,0
2026-04-25 17:27:47,Room_1,Heater,10.0,28.03,51.6,0
2026-04-25 17:27:47,Room_1,Fan,75.0,28.03,51.6,1
2026-04-25 17:27:47,Room_1,Lights,2.0,28.03,51.6,0
2026-04-25 17:27:49,Room_1,AC,50.0,28.31,52.0,0
2026-04-25 17:27:49,Room_1,Heater,10.0,28.31,52.0,0
2026-04-25 17:27:49,Room_1,Fan,5.0,28.31,52.0,0
2026-04-25 17:27:49,Room_1,Lights,2.0,28.31,52.0,0
2026-04-25 17:27:51,Room_1,AC,50.0,28.57,51.1,0
2026-04-25 17:27:51,Room_1,Heater,10.0,28.57,51.1,0
2026-04-25 17:27:51,Room_1,Fan,5.0,28.57,51.1,0
2026-04-25 17:27:51,Room_1,Lights,2.0,28.57,51.1,0
2026-04-25 17:27:53,Room_1,AC,50.0,28.79,49.6,0
2026-04-25 17:27:53,Room_1,Heater,10.0,28.79,49.6,0
2026-04-25 17:27:53,Room_1,Fan,5.0,28.79,49.6,0
2026-04-25 17:27:53,Room_1,Lights,2.0,28.79,49.6,0
2026-04-25 17:27:55,Room_1,AC,50.0,29.01,50.7,0
2026-04-25 17:27:55,Room_1,Heater,10.0,29.01,50.7,0
2026-04-25 17:27:55,Room_1,Fan,5.0,29.01,50.7,0
2026-04-25 17:27:55,Room_1,Lights,2.0,29.01,50.7,0
2026-04-25 17:27:57,Room_1,AC,50.0,29.23,51.1,0
2026-04-25 17:27:57,Room_1,Heater,10.0,29.23,51.1,0
2026-04-25 17:27:57,Room_1,Fan,5.0,29.23,51.1,0
2026-04-25 17:27:57,Room_1,Lights,2.0,29.23,51.1,0
2026-04-25 17:27:59,Room_1,AC,50.0,29.44,49.8,0
2026-04-25 17:27:59,Room_1,Heater,10.0,29.44,49.8,0
2026-04-25 17:27:59,Room_1,Fan,5.0,29.44,49.8,0
2026-04-25 17:27:59,Room_1,Lights,2.0,29.44,49.8,0
2026-04-25 17:28:01,Room_1,AC,50.0,29.69,49.0,0
2026-04-25 17:28:01,Room_1,Heater,10.0,29.69,49.0,0
2026-04-25 17:28:01,Room_1,Fan,5.0,29.69,49.0,0
2026-04-25 17:28:01,Room_1,Lights,2.0,29.69,49.0,0
2026-04-25 17:28:03,Room_1,AC,50.0,29.93,48.5,0
2026-04-25 17:28:03,Room_1,Heater,10.0,29.93,48.5,0
2026-04-25 17:28:03,Room_1,Fan,75.0,29.93,48.5,1
2026-04-25 17:28:03,Room_1,Lights,2.0,29.93,48.5,0
2026-04-25 17:28:05,Room_1,AC,1500.0,30.13,47.2,1
2026-04-25 17:28:05,Room_1,Heater,10.0,30.13,47.2,0
2026-04-25 17:28:05,Room_1,Fan,5.0,30.13,47.2,0
2026-04-25 17:28:05,Room_1,Lights,2.0,30.13,47.2,0
2026-04-25 17:28:07,Room_1,AC,1500.0,30.42,47.1,1
2026-04-25 17:28:07,Room_1,Heater,10.0,30.42,47.1,0
2026-04-25 17:28:07,Room_1,Fan,5.0,30.42,47.1,0
2026-04-25 17:28:07,Room_1,Lights,2.0,30.42,47.1,0
2026-04-25 17:28:09,Room_1,AC,1500.0,30.71,47.2,1
2026-04-25 17:28:09,Room_1,Heater,10.0,30.71,47.2,0
2026-04-25 17:28:09,Room_1,Fan,5.0,30.71,47.2,0
2026-04-25 17:28:09,Room_1,Lights,2.0,30.71,47.2,0
2026-04-25 17:28:11,Room_1,AC,1500.0,30.96,47.1,1
2026-04-25 17:28:11,Room_1,Heater,10.0,30.96,47.1,0
2026-04-25 17:28:11,Room_1,Fan,5.0,30.96,47.1,0
2026-04-25 17:28:11,Room_1,Lights,2.0,30.96,47.1,0
2026-04-25 17:28:13,Room_1,AC,1500.0,31.17,46.1,1
2026-04-25 17:28:13,Room_1,Heater,10.0,31.17,46.1,0
2026-04-25 17:28:13,Room_1,Fan,5.0,31.17,46.1,0
2026-04-25 17:28:13,Room_1,Lights,2.0,31.17,46.1,0
2026-04-25 17:28:15,Room_1,AC,1500.0,31.4,45.4,1
2026-04-25 17:28:15,Room_1,Heater,10.0,31.4,45.4,0
2026-04-25 17:28:15,Room_1,Fan,5.0,31.4,45.4,0
2026-04-25 17:28:15,Room_1,Lights,2.0,31.4,45.4,0
2026-04-25 17:28:17,Room_1,AC,1500.0,31.66,44.7,1
2026-04-25 17:28:17,Room_1,Heater,10.0,31.66,44.7,0
2026-04-25 17:28:17,Room_1,Fan,75.0,31.66,44.7,1
2026-04-25 17:28:17,Room_1,Lights,2.0,31.66,44.7,0
2026-04-25 17:28:19,Room_1,AC,1500.0,31.87,44.0,1
2026-04-25 17:28:19,Room_1,Heater,10.0,31.87,44.0,0
2026-04-25 17:28:19,Room_1,Fan,5.0,31.87,44.0,0
2026-04-25 17:28:19,Room_1,Lights,2.0,31.87,44.0,0
2026-04-25 17:28:21,Room_1,AC,1500.0,32.09,43.1,1
2026-04-25 17:28:21,Room_1,Heater,10.0,32.09,43.1,0
2026-04-25 17:28:21,Room_1,Fan,5.0,32.09,43.1,0
2026-04-25 17:28:21,Room_1,Lights,2.0,32.09,43.1,0
2026-04-25 17:28:23,Room_1,AC,1500.0,32.39,43.5,1
2026-04-25 17:28:23,Room_1,Heater,10.0,32.39,43.5,0
2026-04-25 17:28:23,Room_1,Fan,5.0,32.39,43.5,0
2026-04-25 17:28:23,Room_1,Lights,2.0,32.39,43.5,0
2026-04-25 17:28:25,Room_1,AC,1500.0,32.59,43.3,1
2026-04-25 17:28:25,Room_1,Heater,10.0,32.59,43.3,0
2026-04-25 17:28:25,Room_1,Fan,5.0,32.59,43.3,0
2026-04-25 17:28:25,Room_1,Lights,2.0,32.59,43.3,0
2026-04-25 17:28:27,Room_1,AC,1500.0,32.39,43.3,1
2026-04-25 17:28:27,Room_1,Heater,10.0,32.39,43.3,0
2026-04-25 17:28:27,Room_1,Fan,5.0,32.39,43.3,0
2026-04-25 17:28:27,Room_1,Lights,2.0,32.39,43.3,0
2026-04-25 17:28:29,Room_1,AC,1500.0,32.12,44.5,1
2026-04-25 17:28:29,Room_1,Heater,10.0,32.12,44.5,0
2026-04-25 17:28:29,Room_1,Fan,75.0,32.12,44.5,1
2026-04-25 17:28:29,Room_1,Lights,2.0,32.12,44.5,0
2026-04-25 17:28:31,Room_1,AC,1500.0,31.88,45.8,1
2026-04-25 17:28:31,Room_1,Heater,10.0,31.88,45.8,0
2026-04-25 17:28:31,Room_1,Fan,75.0,31.88,45.8,1
2026-04-25 17:28:31,Room_1,Lights,2.0,31.88,45.8,0
2026-04-25 17:28:33,Room_1,AC,1500.0,31.6,46.4,1
2026-04-25 17:28:33,Room_1,Heater,10.0,31.6,46.4,0
2026-04-25 17:28:33,Room_1,Fan,75.0,31.6,46.4,1
2026-04-25 17:28:33,Room_1,Lights,2.0,31.6,46.4,0
2026-04-25 17:28:35,Room_1,AC,1500.0,31.38,47.3,1
2026-04-25 17:28:35,Room_1,Heater,10.0,31.38,47.3,0
2026-04-25 17:28:35,Room_1,Fan,5.0,31.38,47.3,0
2026-04-25 17:28:35,Room_1,Lights,2.0,31.38,47.3,0
2026-04-25 17:28:37,Room_1,AC,1500.0,31.08,48.4,1
2026-04-25 17:28:37,Room_1,Heater,10.0,31.08,48.4,0
2026-04-25 17:28:37,Room_1,Fan,75.0,31.08,48.4,1
2026-04-25 17:28:37,Room_1,Lights,2.0,31.08,48.4,0
2026-04-25 17:28:39,Room_1,AC,1500.0,30.8,48.1,1
2026-04-25 17:28:39,Room_1,Heater,10.0,30.8,48.1,0
2026-04-25 17:28:39,Room_1,Fan,75.0,30.8,48.1,1
2026-04-25 17:28:39,Room_1,Lights,2.0,30.8,48.1,0
2026-04-25 17:28:41,Room_1,AC,1500.0,30.51,49.0,1
2026-04-25 17:28:41,Room_1,Heater,10.0,30.51,49.0,0
2026-04-25 17:28:41,Room_1,Fan,75.0,30.51,49.0,1
2026-04-25 17:28:41,Room_1,Lights,2.0,30.51,49.0,0
2026-04-25 17:28:43,Room_1,AC,1500.0,30.24,48.9,1
2026-04-25 17:28:43,Room_1,Heater,10.0,30.24,48.9,0
2026-04-25 17:28:43,Room_1,Fan,5.0,30.24,48.9,0
2026-04-25 17:28:43,Room_1,Lights,2.0,30.24,48.9,0
2026-04-25 17:28:45,Room_1,AC,1500.0,30.03,49.4,1
2026-04-25 17:28:45,Room_1,Heater,10.0,30.03,49.4,0
2026-04-25 17:28:45,Room_1,Fan,75.0,30.03,49.4,1
2026-04-25 17:28:45,Room_1,Lights,2.0,30.03,49.4,0
2026-04-25 17:28:47,Room_1,AC,50.0,29.83,49.3,0
2026-04-25 17:28:47,Room_1,Heater,10.0,29.83,49.3,0
2026-04-25 17:28:47,Room_1,Fan,5.0,29.83,49.3,0
2026-04-25 17:28:47,Room_1,Lights,2.0,29.83,49.3,0
2026-04-25 17:28:49,Room_1,AC,50.0,29.58,50.2,0
2026-04-25 17:28:49,Room_1,Heater,10.0,29.58,50.2,0
2026-04-25 17:28:49,Room_1,Fan,75.0,29.58,50.2,1
2026-04-25 17:28:49,Room_1,Lights,2.0,29.58,50.2,0
2026-04-25 17:28:51,Room_1,AC,50.0,29.3,49.5,0
2026-04-25 17:28:51,Room_1,Heater,10.0,29.3,49.5,0
2026-04-25 17:28:51,Room_1,Fan,5.0,29.3,49.5,0
2026-04-25 17:28:51,Room_1,Lights,2.0,29.3,49.5,0
2026-04-25 17:28:53,Room_1,AC,50.0,29.09,50.3,0
2026-04-25 17:28:53,Room_1,Heater,10.0,29.09,50.3,0
2026-04-25 17:28:53,Room_1,Fan,5.0,29.09,50.3,0
2026-04-25 17:28:53,Room_1,Lights,2.0,29.09,50.3,0
2026-04-25 17:28:55,Room_1,AC,50.0,28.85,50.6,0
2026-04-25 17:28:55,Room_1,Heater,10.0,28.85,50.6,0
2026-04-25 17:28:55,Room_1,Fan,75.0,28.85,50.6,1
2026-04-25 17:28:55,Room_1,Lights,2.0,28.85,50.6,0
2026-04-25 17:28:57,Room_1,AC,50.0,28.62,50.2,0
2026-04-25 17:28:57,Room_1,Heater,10.0,28.62,50.2,0
2026-04-25 17:28:57,Room_1,Fan,5.0,28.62,50.2,0
2026-04-25 17:28:57,Room_1,Lights,2.0,28.62,50.2,0
2026-04-25 17:28:59,Room_1,AC,50.0,28.37,51.1,0
2026-04-25 17:28:59,Room_1,Heater,10.0,28.37,51.1,0
2026-04-25 17:28:59,Room_1,Fan,5.0,28.37,51.1,0
2026-04-25 17:28:59,Room_1,Lights,2.0,28.37,51.1,0
2026-04-25 17:29:01,Room_1,AC,50.0,28.1,50.9,0
2026-04-25 17:29:01,Room_1,Heater,10.0,28.1,50.9,0
2026-04-25 17:29:01,Room_1,Fan,5.0,28.1,50.9,0
2026-04-25 17:29:01,Room_1,Lights,2.0,28.1,50.9,0
2026-04-25 17:29:03,Room_1,AC,50.0,27.88,51.9,0
2026-04-25 17:29:03,Room_1,Heater,10.0,27.88,51.9,0
2026-04-25 17:29:03,Room_1,Fan,5.0,27.88,51.9,0
2026-04-25 17:29:03,Room_1,Lights,2.0,27.88,51.9,0
2026-04-25 17:29:05,Room_1,AC,50.0,27.65,53.0,0
2026-04-25 17:29:05,Room_1,Heater,10.0,27.65,53.0,0
2026-04-25 17:29:05,Room_1,Fan,75.0,27.65,53.0,1
2026-04-25 17:29:05,Room_1,Lights,2.0,27.65,53.0,0
2026-04-25 17:29:07,Room_1,AC,50.0,27.36,53.2,0
2026-04-25 17:29:07,Room_1,Heater,10.0,27.36,53.2,0
2026-04-25 17:29:07,Room_1,Fan,75.0,27.36,53.2,1
2026-04-25 17:29:07,Room_1,Lights,2.0,27.36,53.2,0
2026-04-25 17:29:09,Room_1,AC,50.0,27.06,52.8,0
2026-04-25 17:29:09,Room_1,Heater,10.0,27.06,52.8,0
2026-04-25 17:29:09,Room_1,Fan,75.0,27.06,52.8,1
2026-04-25 17:29:09,Room_1,Lights,60.0,27.06,52.8,1
2026-04-25 17:29:11,Room_1,AC,50.0,26.81,53.8,0
2026-04-25 17:29:11,Room_1,Heater,10.0,26.81,53.8,0
2026-04-25 17:29:11,Room_1,Fan,5.0,26.81,53.8,0
2026-04-25 17:29:11,Room_1,Lights,60.0,26.81,53.8,1
2026-04-25 17:29:13,Room_1,AC,50.0,26.55,55.2,0
2026-04-25 17:29:13,Room_1,Heater,10.0,26.55,55.2,0
2026-04-25 17:29:13,Room_1,Fan,75.0,26.55,55.2,1
2026-04-25 17:29:13,Room_1,Lights,60.0,26.55,55.2,1
2026-04-25 17:29:15,Room_1,AC,50.0,26.33,55.2,0
2026-04-25 17:29:15,Room_1,Heater,10.0,26.33,55.2,0
2026-04-25 17:29:15,Room_1,Fan,75.0,26.33,55.2,1
2026-04-25 17:29:15,Room_1,Lights,60.0,26.33,55.2,1
2026-04-25 17:29:17,Room_1,AC,50.0,26.13,55.3,0
2026-04-25 17:29:17,Room_1,Heater,10.0,26.13,55.3,0
2026-04-25 17:29:17,Room_1,Fan,75.0,26.13,55.3,1
2026-04-25 17:29:17,Room_1,Lights,60.0,26.13,55.3,1
2026-04-25 17:29:19,Room_1,AC,50.0,25.84,56.4,0
2026-04-25 17:29:19,Room_1,Heater,10.0,25.84,56.4,0
2026-04-25 17:29:19,Room_1,Fan,75.0,25.84,56.4,1
2026-04-25 17:29:19,Room_1,Lights,60.0,25.84,56.4,1
2026-04-25 17:29:21,Room_1,AC,50.0,25.63,57.0,0
2026-04-25 17:29:21,Room_1,Heater,10.0,25.63,57.0,0
2026-04-25 17:29:21,Room_1,Fan,5.0,25.63,57.0,0
2026-04-25 17:29:21,Room_1,Lights,60.0,25.63,57.0,1
2026-04-25 17:29:23,Room_1,AC,50.0,25.34,57.0,0
2026-04-25 17:29:23,Room_1,Heater,10.0,25.34,57.0,0
2026-04-25 17:29:23,Room_1,Fan,75.0,25.34,57.0,1
2026-04-25 17:29:23,Room_1,Lights,60.0,25.34,57.0,1
2026-04-25 17:29:25,Room_1,AC,50.0,25.08,56.9,0
2026-04-25 17:29:25,Room_1,Heater,10.0,25.08,56.9,0
2026-04-25 17:29:25,Room_1,Fan,5.0,25.08,56.9,0
2026-04-25 17:29:25,Room_1,Lights,60.0,25.08,56.9,1
2026-04-25 17:29:27,Room_1,AC,50.0,24.78,57.4,0
2026-04-25 17:29:27,Room_1,Heater,10.0,24.78,57.4,0
2026-04-25 17:29:27,Room_1,Fan,75.0,24.78,57.4,1
2026-04-25 17:29:27,Room_1,Lights,60.0,24.78,57.4,1
2026-04-25 17:29:29,Room_1,AC,50.0,25.01,58.3,0
2026-04-25 17:29:29,Room_1,Heater,10.0,25.01,58.3,0
2026-04-25 17:29:29,Room_1,Fan,5.0,25.01,58.3,0
2026-04-25 17:29:29,Room_1,Lights,60.0,25.01,58.3,1
2026-04-25 17:29:31,Room_1,AC,50.0,24.81,58.6,0
2026-04-25 17:29:31,Room_1,Heater,10.0,24.81,58.6,0
2026-04-25 17:29:31,Room_1,Fan,5.0,24.81,58.6,0
2026-04-25 17:29:31,Room_1,Lights,60.0,24.81,58.6,1
2026-04-25 17:29:33,Room_1,AC,50.0,24.52,58.6,0
2026-04-25 17:29:33,Room_1,Heater,10.0,24.52,58.6,0
2026-04-25 17:29:33,Room_1,Fan,5.0,24.52,58.6,0
2026-04-25 17:29:33,Room_1,Lights,60.0,24.52,58.6,1
2026-04-25 17:29:35,Room_1,AC,50.0,24.31,59.6,0
2026-04-25 17:29:35,Room_1,Heater,10.0,24.31,59.6,0
2026-04-25 17:29:35,Room_1,Fan,5.0,24.31,59.6,0
2026-04-25 17:29:35,Room_1,Lights,60.0,24.31,59.6,1
2026-04-25 17:29:37,Room_1,AC,50.0,24.02,59.9,0
2026-04-25 17:29:37,Room_1,Heater,10.0,24.02,59.9,0
2026-04-25 17:29:37,Room_1,Fan,5.0,24.02,59.9,0
2026-04-25 17:29:37,Room_1,Lights,60.0,24.02,59.9,1
2026-04-25 17:29:39,Room_1,AC,50.0,23.72,59.9,0
2026-04-25 17:29:39,Room_1,Heater,10.0,23.72,59.9,0
2026-04-25 17:29:39,Room_1,Fan,5.0,23.72,59.9,0
2026-04-25 17:29:39,Room_1,Lights,60.0,23.72,59.9,1
2026-04-25 17:29:41,Room_1,AC,50.0,23.47,60.3,0
2026-04-25 17:29:41,Room_1,Heater,10.0,23.47,60.3,0
2026-04-25 17:29:41,Room_1,Fan,5.0,23.47,60.3,0
2026-04-25 17:29:41,Room_1,Lights,60.0,23.47,60.3,1
2026-04-25 17:29:43,Room_1,AC,50.0,23.26,60.4,0
2026-04-25 17:29:43,Room_1,Heater,10.0,23.26,60.4,0
2026-04-25 17:29:43,Room_1,Fan,5.0,23.26,60.4,0
2026-04-25 17:29:43,Room_1,Lights,60.0,23.26,60.4,1
2026-04-25 17:29:45,Room_1,AC,50.0,22.97,60.5,0
2026-04-25 17:29:45,Room_1,Heater,10.0,22.97,60.5,0
2026-04-25 17:29:45,Room_1,Fan,5.0,22.97,60.5,0
2026-04-25 17:29:45,Room_1,Lights,60.0,22.97,60.5,1
2026-04-25 17:29:47,Room_1,AC,50.0,23.2,61.1,0
2026-04-25 17:29:47,Room_1,Heater,10.0,23.2,61.1,0
2026-04-25 17:29:47,Room_1,Fan,5.0,23.2,61.1,0
2026-04-25 17:29:47,Room_1,Lights,60.0,23.2,61.1,1
2026-04-25 17:29:49,Room_1,AC,50.0,22.91,60.7,0
2026-04-25 17:29:49,Room_1,Heater,10.0,22.91,60.7,0
2026-04-25 17:29:49,Room_1,Fan,5.0,22.91,60.7,0
2026-04-25 17:29:49,Room_1,Lights,60.0,22.91,60.7,1
2026-04-25 17:29:51,Room_1,AC,50.0,23.13,61.1,0
2026-04-25 17:29:51,Room_1,Heater,10.0,23.13,61.1,0
2026-04-25 17:29:51,Room_1,Fan,5.0,23.13,61.1,0
2026-04-25 17:29:51,Room_1,Lights,60.0,23.13,61.1,1
2026-04-25 17:29:53,Room_1,AC,50.0,22.86,60.6,0
2026-04-25 17:29:53,Room_1,Heater,10.0,22.86,60.6,0
2026-04-25 17:29:53,Room_1,Fan,5.0,22.86,60.6,0
2026-04-25 17:29:53,Room_1,Lights,60.0,22.86,60.6,1
2026-04-25 17:29:55,Room_1,AC,50.0,23.09,60.5,0
2026-04-25 17:29:55,Room_1,Heater,10.0,23.09,60.5,0
2026-04-25 17:29:55,Room_1,Fan,5.0,23.09,60.5,0
2026-04-25 17:29:55,Room_1,Lights,60.0,23.09,60.5,1
2026-04-25 17:29:57,Room_1,AC,50.0,22.82,60.6,0
2026-04-25 17:29:57,Room_1,Heater,10.0,22.82,60.6,0
2026-04-25 17:29:57,Room_1,Fan,5.0,22.82,60.6,0
2026-04-25 17:29:57,Room_1,Lights,60.0,22.82,60.6,1
2026-04-25 17:29:59,Room_1,AC,50.0,23.08,61.7,0
2026-04-25 17:29:59,Room_1,Heater,10.0,23.08,61.7,0
2026-04-25 17:29:59,Room_1,Fan,5.0,23.08,61.7,0
2026-04-25 17:29:59,Room_1,Lights,60.0,23.08,61.7,1
2026-04-25 17:30:01,Room_1,AC,50.0,22.86,62.0,0
2026-04-25 17:30:01,Room_1,Heater,10.0,22.86,62.0,0
2026-04-25 17:30:01,Room_1,Fan,5.0,22.86,62.0,0
2026-04-25 17:30:01,Room_1,Lights,60.0,22.86,62.0,1
2026-04-25 17:30:03,Room_1,AC,50.0,23.06,63.0,0
2026-04-25 17:30:03,Room_1,Heater,10.0,23.06,63.0,0
2026-04-25 17:30:03,Room_1,Fan,5.0,23.06,63.0,0
2026-04-25 17:30:03,Room_1,Lights,60.0,23.06,63.0,1
2026-04-25 17:30:05,Room_1,AC,50.0,22.86,64.5,0
2026-04-25 17:30:05,Room_1,Heater,10.0,22.86,64.5,0
2026-04-25 17:30:05,Room_1,Fan,5.0,22.86,64.5,0
2026-04-25 17:30:05,Room_1,Lights,60.0,22.86,64.5,1
2026-04-25 17:30:07,Room_1,AC,50.0,23.12,64.6,0
2026-04-25 17:30:07,Room_1,Heater,10.0,23.12,64.6,0
2026-04-25 17:30:07,Room_1,Fan,5.0,23.12,64.6,0
2026-04-25 17:30:07,Room_1,Lights,60.0,23.12,64.6,1
2026-04-25 17:30:09,Room_1,AC,50.0,22.83,64.4,0
2026-04-25 17:30:09,Room_1,Heater,10.0,22.83,64.4,0
2026-04-25 17:30:09,Room_1,Fan,5.0,22.83,64.4,0
2026-04-25 17:30:09,Room_1,Lights,60.0,22.83,64.4,1
2026-04-25 17:30:11,Room_1,AC,50.0,23.1,65.2,0
2026-04-25 17:30:11,Room_1,Heater,10.0,23.1,65.2,0
2026-04-25 17:30:11,Room_1,Fan,5.0,23.1,65.2,0
2026-04-25 17:30:11,Room_1,Lights,60.0,23.1,65.2,1
2026-04-25 17:30:13,Room_1,AC,50.0,22.81,63.9,0
2026-04-25 17:30:13,Room_1,Heater,10.0,22.81,63.9,0
2026-04-25 17:30:13,Room_1,Fan,5.0,22.81,63.9,0
2026-04-25 17:30:13,Room_1,Lights,60.0,22.81,63.9,1
2026-04-25 17:30:15,Room_1,AC,50.0,23.03,64.9,0
2026-04-25 17:30:15,Room_1,Heater,10.0,23.03,64.9,0
2026-04-25 17:30:15,Room_1,Fan,5.0,23.03,64.9,0
2026-04-25 17:30:15,Room_1,Lights,60.0,23.03,64.9,1
2026-04-25 17:30:17,Room_1,AC,50.0,22.73,64.4,0
2026-04-25 17:30:17,Room_1,Heater,10.0,22.73,64.4,0
2026-04-25 17:30:17,Room_1,Fan,5.0,22.73,64.4,0
2026-04-25 17:30:17,Room_1,Lights,60.0,22.73,64.4,1
2026-04-25 17:30:19,Room_1,AC,50.0,22.93,65.6,0
2026-04-25 17:30:19,Room_1,Heater,10.0,22.93,65.6,0
2026-04-25 17:30:19,Room_1,Fan,5.0,22.93,65.6,0
2026-04-25 17:30:19,Room_1,Lights,60.0,22.93,65.6,1
2026-04-25 17:30:21,Room_1,AC,50.0,23.21,66.0,0
2026-04-25 17:30:21,Room_1,Heater,10.0,23.21,66.0,0
2026-04-25 17:30:21,Room_1,Fan,75.0,23.21,66.0,1
2026-04-25 17:30:21,Room_1,Lights,60.0,23.21,66.0,1
2026-04-25 17:30:23,Room_1,AC,50.0,23.41,64.9,0
2026-04-25 17:30:23,Room_1,Heater,10.0,23.41,64.9,0
2026-04-25 17:30:23,Room_1,Fan,5.0,23.41,64.9,0
2026-04-25 17:30:23,Room_1,Lights,60.0,23.41,64.9,1
2026-04-25 17:30:25,Room_1,AC,50.0,23.63,63.9,0
2026-04-25 17:30:25,Room_1,Heater,10.0,23.63,63.9,0
2026-04-25 17:30:25,Room_1,Fan,75.0,23.63,63.9,1
2026-04-25 17:30:25,Room_1,Lights,2.0,23.63,63.9,0
2026-04-25 17:30:27,Room_1,AC,50.0,23.86,64.0,0
2026-04-25 17:30:27,Room_1,Heater,10.0,23.86,64.0,0
2026-04-25 17:30:27,Room_1,Fan,75.0,23.86,64.0,1
2026-04-25 17:30:27,Room_1,Lights,2.0,23.86,64.0,0
2026-04-25 17:30:29,Room_1,AC,50.0,24.15,64.2,0
2026-04-25 17:30:29,Room_1,Heater,10.0,24.15,64.2,0
2026-04-25 17:30:29,Room_1,Fan,75.0,24.15,64.2,1
2026-04-25 17:30:29,Room_1,Lights,2.0,24.15,64.2,0
2026-04-25 17:30:31,Room_1,AC,50.0,24.35,63.3,0
2026-04-25 17:30:31,Room_1,Heater,10.0,24.35,63.3,0
2026-04-25 17:30:31,Room_1,Fan,75.0,24.35,63.3,1
2026-04-25 17:30:31,Room_1,Lights,2.0,24.35,63.3,0
2026-04-25 17:30:33,Room_1,AC,50.0,24.6,63.0,0
2026-04-25 17:30:33,Room_1,Heater,10.0,24.6,63.0,0
2026-04-25 17:30:33,Room_1,Fan,75.0,24.6,63.0,1
2026-04-25 17:30:33,Room_1,Lights,2.0,24.6,63.0,0
2026-04-25 17:30:35,Room_1,AC,50.0,24.82,62.7,0
2026-04-25 17:30:35,Room_1,Heater,10.0,24.82,62.7,0
2026-04-25 17:30:35,Room_1,Fan,5.0,24.82,62.7,0
2026-04-25 17:30:35,Room_1,Lights,2.0,24.82,62.7,0
2026-04-25 17:30:37,Room_1,AC,50.0,25.11,62.7,0
2026-04-25 17:30:37,Room_1,Heater,10.0,25.11,62.7,0
2026-04-25 17:30:37,Room_1,Fan,75.0,25.11,62.7,1
2026-04-25 17:30:37,Room_1,Lights,2.0,25.11,62.7,0
2026-04-25 17:30:39,Room_1,AC,50.0,25.37,62.0,0
2026-04-25 17:30:39,Room_1,Heater,10.0,25.37,62.0,0
2026-04-25 17:30:39,Room_1,Fan,75.0,25.37,62.0,1
2026-04-25 17:30:39,Room_1,Lights,2.0,25.37,62.0,0
2026-04-25 17:30:41,Room_1,AC,50.0,25.66,61.4,0
2026-04-25 17:30:41,Room_1,Heater,10.0,25.66,61.4,0
2026-04-25 17:30:41,Room_1,Fan,75.0,25.66,61.4,1
2026-04-25 17:30:41,Room_1,Lights,2.0,25.66,61.4,0
2026-04-25 17:30:43,Room_1,AC,50.0,25.95,60.3,0
2026-04-25 17:30:43,Room_1,Heater,10.0,25.95,60.3,0
2026-04-25 17:30:43,Room_1,Fan,5.0,25.95,60.3,0
2026-04-25 17:30:43,Room_1,Lights,2.0,25.95,60.3,0
2026-04-25 17:30:45,Room_1,AC,50.0,26.22,60.6,0
2026-04-25 17:30:45,Room_1,Heater,10.0,26.22,60.6,0
2026-04-25 17:30:45,Room_1,Fan,5.0,26.22,60.6,0
2026-04-25 17:30:45,Room_1,Lights,2.0,26.22,60.6,0
2026-04-25 17:30:47,Room_1,AC,50.0,26.43,59.4,0
2026-04-25 17:30:47,Room_1,Heater,10.0,26.43,59.4,0
2026-04-25 17:30:47,Room_1,Fan,5.0,26.43,59.4,0
2026-04-25 17:30:47,Room_1,Lights,2.0,26.43,59.4,0
2026-04-25 17:30:49,Room_1,AC,50.0,26.71,58.1,0
2026-04-25 17:30:49,Room_1,Heater,10.0,26.71,58.1,0
2026-04-25 17:30:49,Room_1,Fan,5.0,26.71,58.1,0
2026-04-25 17:30:49,Room_1,Lights,2.0,26.71,58.1,0
2026-04-25 17:30:51,Room_1,AC,50.0,26.91,57.9,0
2026-04-25 17:30:51,Room_1,Heater,10.0,26.91,57.9,0
2026-04-25 17:30:51,Room_1,Fan,75.0,26.91,57.9,1
2026-04-25 17:30:51,Room_1,Lights,2.0,26.91,57.9,0
2026-04-25 17:30:53,Room_1,AC,50.0,27.11,57.6,0
2026-04-25 17:30:53,Room_1,Heater,10.0,27.11,57.6,0
2026-04-25 17:30:53,Room_1,Fan,5.0,27.11,57.6,0
2026-04-25 17:30:53,Room_1,Lights,2.0,27.11,57.6,0
2026-04-25 17:30:55,Room_1,AC,50.0,27.32,56.8,0
2026-04-25 17:30:55,Room_1,Heater,10.0,27.32,56.8,0
2026-04-25 17:30:55,Room_1,Fan,5.0,27.32,56.8,0
2026-04-25 17:30:55,Room_1,Lights,2.0,27.32,56.8,0
2026-04-25 17:30:57,Room_1,AC,50.0,27.58,56.4,0
2026-04-25 17:30:57,Room_1,Heater,10.0,27.58,56.4,0
2026-04-25 17:30:57,Room_1,Fan,75.0,27.58,56.4,1
2026-04-25 17:30:57,Room_1,Lights,2.0,27.58,56.4,0
2026-04-25 17:30:59,Room_1,AC,50.0,27.82,55.2,0
2026-04-25 17:30:59,Room_1,Heater,10.0,27.82,55.2,0
2026-04-25 17:30:59,Room_1,Fan,75.0,27.82,55.2,1
2026-04-25 17:30:59,Room_1,Lights,2.0,27.82,55.2,0
2026-04-25 17:31:01,Room_1,AC,50.0,28.08,55.6,0
2026-04-25 17:31:01,Room_1,Heater,10.0,28.08,55.6,0
2026-04-25 17:31:01,Room_1,Fan,5.0,28.08,55.6,0
2026-04-25 17:31:01,Room_1,Lights,2.0,28.08,55.6,0
2026-04-25 17:31:03,Room_1,AC,50.0,28.34,55.8,0
2026-04-25 17:31:03,Room_1,Heater,10.0,28.34,55.8,0
2026-04-25 17:31:03,Room_1,Fan,75.0,28.34,55.8,1
2026-04-25 17:31:03,Room_1,Lights,2.0,28.34,55.8,0
2026-04-25 17:31:05,Room_1,AC,50.0,28.62,54.9,0
2026-04-25 17:31:05,Room_1,Heater,10.0,28.62,54.9,0
2026-04-25 17:31:05,Room_1,Fan,75.0,28.62,54.9,1
2026-04-25 17:31:05,Room_1,Lights,2.0,28.62,54.9,0
2026-04-25 17:31:07,Room_1,AC,50.0,28.86,54.5,0
2026-04-25 17:31:07,Room_1,Heater,10.0,28.86,54.5,0
2026-04-25 17:31:07,Room_1,Fan,5.0,28.86,54.5,0
2026-04-25 17:31:07,Room_1,Lights,2.0,28.86,54.5,0
2026-04-25 17:31:09,Room_1,AC,50.0,29.06,54.4,0
2026-04-25 17:31:09,Room_1,Heater,10.0,29.06,54.4,0
2026-04-25 17:31:09,Room_1,Fan,5.0,29.06,54.4,0
2026-04-25 17:31:09,Room_1,Lights,2.0,29.06,54.4,0
2026-04-25 17:31:11,Room_1,AC,50.0,29.35,54.8,0
2026-04-25 17:31:11,Room_1,Heater,10.0,29.35,54.8,0
2026-04-25 17:31:11,Room_1,Fan,5.0,29.35,54.8,0
2026-04-25 17:31:11,Room_1,Lights,2.0,29.35,54.8,0
2026-04-25 17:31:13,Room_1,AC,50.0,29.64,54.4,0
2026-04-25 17:31:13,Room_1,Heater,10.0,29.64,54.4,0
2026-04-25 17:31:13,Room_1,Fan,5.0,29.64,54.4,0
2026-04-25 17:31:13,Room_1,Lights,2.0,29.64,54.4,0
2026-04-25 17:31:15,Room_1,AC,50.0,29.85,53.9,0
2026-04-25 17:31:15,Room_1,Heater,10.0,29.85,53.9,0
2026-04-25 17:31:15,Room_1,Fan,5.0,29.85,53.9,0
2026-04-25 17:31:15,Room_1,Lights,2.0,29.85,53.9,0
2026-04-25 17:31:17,Room_1,AC,1500.0,30.07,52.4,1
2026-04-25 17:31:17,Room_1,Heater,10.0,30.07,52.4,0
2026-04-25 17:31:17,Room_1,Fan,5.0,30.07,52.4,0
2026-04-25 17:31:17,Room_1,Lights,2.0,30.07,52.4,0
2026-04-25 17:31:19,Room_1,AC,1500.0,30.33,52.8,1
2026-04-25 17:31:19,Room_1,Heater,10.0,30.33,52.8,0
2026-04-25 17:31:19,Room_1,Fan,5.0,30.33,52.8,0
2026-04-25 17:31:19,Room_1,Lights,2.0,30.33,52.8,0
2026-04-25 17:31:21,Room_1,AC,1500.0,30.55,52.0,1
2026-04-25 17:31:21,Room_1,Heater,10.0,30.55,52.0,0
2026-04-25 17:31:21,Room_1,Fan,5.0,30.55,52.0,0
2026-04-25 17:31:21,Room_1,Lights,2.0,30.55,52.0,0
2026-04-25 17:31:23,Room_1,AC,1500.0,30.77,50.8,1
2026-04-25 17:31:23,Room_1,Heater,10.0,30.77,50.8,0
2026-04-25 17:31:23,Room_1,Fan,5.0,30.77,50.8,0
2026-04-25 17:31:23,Room_1,Lights,2.0,30.77,50.8,0
2026-04-25 17:31:25,Room_1,AC,1500.0,30.97,49.5,1
2026-04-25 17:31:25,Room_1,Heater,10.0,30.97,49.5,0
2026-04-25 17:31:25,Room_1,Fan,5.0,30.97,49.5,0
2026-04-25 17:31:25,Room_1,Lights,2.0,30.97,49.5,0
2026-04-25 17:31:28,Room_1,AC,1500.0,31.18,48.6,1
2026-04-25 17:31:28,Room_1,Heater,10.0,31.18,48.6,0
2026-04-25 17:31:28,Room_1,Fan,75.0,31.18,48.6,1
2026-04-25 17:31:28,Room_1,Lights,2.0,31.18,48.6,0
2026-04-25 17:31:29,Room_1,AC,1500.0,31.4,47.8,1
2026-04-25 17:31:29,Room_1,Heater,10.0,31.4,47.8,0
2026-04-25 17:31:29,Room_1,Fan,5.0,31.4,47.8,0
2026-04-25 17:31:29,Room_1,Lights,2.0,31.4,47.8,0
2026-04-25 17:31:31,Room_1,AC,1500.0,31.7,48.0,1
2026-04-25 17:31:31,Room_1,Heater,10.0,31.7,48.0,0
2026-04-25 17:31:31,Room_1,Fan,75.0,31.7,48.0,1
2026-04-25 17:31:31,Room_1,Lights,2.0,31.7,48.0,0
2026-04-25 17:31:33,Room_1,AC,1500.0,31.95,48.1,1
2026-04-25 17:31:33,Room_1,Heater,10.0,31.95,48.1,0
2026-04-25 17:31:33,Room_1,Fan,5.0,31.95,48.1,0
2026-04-25 17:31:33,Room_1,Lights,2.0,31.95,48.1,0
2026-04-25 17:31:35,Room_1,AC,1500.0,32.15,47.9,1
2026-04-25 17:31:35,Room_1,Heater,10.0,32.15,47.9,0
2026-04-25 17:31:35,Room_1,Fan,75.0,32.15,47.9,1
2026-04-25 17:31:35,Room_1,Lights,2.0,32.15,47.9,0
2026-04-25 17:31:37,Room_1,AC,1500.0,32.4,46.8,1
2026-04-25 17:31:37,Room_1,Heater,10.0,32.4,46.8,0
2026-04-25 17:31:37,Room_1,Fan,5.0,32.4,46.8,0
2026-04-25 17:31:37,Room_1,Lights,2.0,32.4,46.8,0
2026-04-25 17:31:40,Room_1,AC,1500.0,32.63,45.6,1
2026-04-25 17:31:40,Room_1,Heater,10.0,32.63,45.6,0
2026-04-25 17:31:40,Room_1,Fan,5.0,32.63,45.6,0
2026-04-25 17:31:40,Room_1,Lights,2.0,32.63,45.6,0
2026-04-25 17:31:42,Room_1,AC,1500.0,32.33,45.1,1
2026-04-25 17:31:42,Room_1,Heater,10.0,32.33,45.1,0
2026-04-25 17:31:42,Room_1,Fan,5.0,32.33,45.1,0
2026-04-25 17:31:42,Room_1,Lights,2.0,32.33,45.1,0
2026-04-25 17:31:44,Room_1,AC,1500.0,32.09,45.8,1
2026-04-25 17:31:44,Room_1,Heater,10.0,32.09,45.8,0
2026-04-25 17:31:44,Room_1,Fan,75.0,32.09,45.8,1
2026-04-25 17:31:44,Room_1,Lights,2.0,32.09,45.8,0
2026-04-25 17:31:46,Room_1,AC,1500.0,31.82,46.0,1
2026-04-25 17:31:46,Room_1,Heater,10.0,31.82,46.0,0
2026-04-25 17:31:46,Room_1,Fan,5.0,31.82,46.0,0
2026-04-25 17:31:46,Room_1,Lights,2.0,31.82,46.0,0
2026-04-25 17:31:48,Room_1,AC,1500.0,31.53,46.9,1
2026-04-25 17:31:48,Room_1,Heater,10.0,31.53,46.9,0
2026-04-25 17:31:48,Room_1,Fan,5.0,31.53,46.9,0
2026-04-25 17:31:48,Room_1,Lights,2.0,31.53,46.9,0
2026-04-25 17:31:50,Room_1,AC,1500.0,31.32,48.4,1
2026-04-25 17:31:50,Room_1,Heater,10.0,31.32,48.4,0
2026-04-25 17:31:50,Room_1,Fan,5.0,31.32,48.4,0
2026-04-25 17:31:50,Room_1,Lights,2.0,31.32,48.4,0
2026-04-25 17:31:52,Room_1,AC,1500.0,31.04,48.0,1
2026-04-25 17:31:52,Room_1,Heater,10.0,31.04,48.0,0
2026-04-25 17:31:52,Room_1,Fan,5.0,31.04,48.0,0
2026-04-25 17:31:52,Room_1,Lights,2.0,31.04,48.0,0
2026-04-25 17:31:53,Room_1,AC,1500.0,30.79,48.2,1
2026-04-25 17:31:53,Room_1,Heater,10.0,30.79,48.2,0
2026-04-25 17:31:53,Room_1,Fan,5.0,30.79,48.2,0
2026-04-25 17:31:53,Room_1,Lights,2.0,30.79,48.2,0
2026-04-25 17:31:55,Room_1,AC,1500.0,30.56,49.7,1
2026-04-25 17:31:55,Room_1,Heater,10.0,30.56,49.7,0
2026-04-25 17:31:55,Room_1,Fan,75.0,30.56,49.7,1
2026-04-25 17:31:55,Room_1,Lights,2.0,30.56,49.7,0
2026-04-25 17:31:58,Room_1,AC,1500.0,30.28,49.6,1
2026-04-25 17:31:58,Room_1,Heater,10.0,30.28,49.6,0
2026-04-25 17:31:58,Room_1,Fan,75.0,30.28,49.6,1
2026-04-25 17:31:58,Room_1,Lights,2.0,30.28,49.6,0
2026-04-25 17:32:00,Room_1,AC,1500.0,30.01,49.1,1
2026-04-25 17:32:00,Room_1,Heater,10.0,30.01,49.1,0
2026-04-25 17:32:00,Room_1,Fan,75.0,30.01,49.1,1
2026-04-25 17:32:00,Room_1,Lights,2.0,30.01,49.1,0
2026-04-25 17:32:02,Room_1,AC,50.0,29.75,50.4,0
2026-04-25 17:32:02,Room_1,Heater,10.0,29.75,50.4,0
2026-04-25 17:32:02,Room_1,Fan,75.0,29.75,50.4,1
2026-04-25 17:32:02,Room_1,Lights,2.0,29.75,50.4,0
2026-04-25 17:32:04,Room_1,AC,50.0,29.45,50.2,0
2026-04-25 17:32:04,Room_1,Heater,10.0,29.45,50.2,0
2026-04-25 17:32:04,Room_1,Fan,75.0,29.45,50.2,1
2026-04-25 17:32:04,Room_1,Lights,2.0,29.45,50.2,0
2026-04-25 17:32:06,Room_1,AC,50.0,29.17,50.3,0
2026-04-25 17:32:06,Room_1,Heater,10.0,29.17,50.3,0
2026-04-25 17:32:06,Room_1,Fan,5.0,29.17,50.3,0
2026-04-25 17:32:06,Room_1,Lights,2.0,29.17,50.3,0
2026-04-25 17:32:08,Room_1,AC,50.0,28.93,51.1,0
2026-04-25 17:32:08,Room_1,Heater,10.0,28.93,51.1,0
2026-04-25 17:32:08,Room_1,Fan,5.0,28.93,51.1,0
2026-04-25 17:32:08,Room_1,Lights,2.0,28.93,51.1,0
2026-04-25 17:32:10,Room_1,AC,50.0,28.7,51.3,0
2026-04-25 17:32:10,Room_1,Heater,10.0,28.7,51.3,0
2026-04-25 17:32:10,Room_1,Fan,75.0,28.7,51.3,1
2026-04-25 17:32:10,Room_1,Lights,2.0,28.7,51.3,0
2026-04-25 17:32:12,Room_1,AC,50.0,28.48,52.2,0
2026-04-25 17:32:12,Room_1,Heater,10.0,28.48,52.2,0
2026-04-25 17:32:12,Room_1,Fan,5.0,28.48,52.2,0
2026-04-25 17:32:12,Room_1,Lights,2.0,28.48,52.2,0
2026-04-25 17:32:14,Room_1,AC,50.0,28.23,52.9,0
2026-04-25 17:32:14,Room_1,Heater,10.0,28.23,52.9,0
2026-04-25 17:32:14,Room_1,Fan,5.0,28.23,52.9,0
2026-04-25 17:32:14,Room_1,Lights,2.0,28.23,52.9,0
2026-04-25 17:32:16,Room_1,AC,50.0,27.95,53.2,0
2026-04-25 17:32:16,Room_1,Heater,10.0,27.95,53.2,0
2026-04-25 17:32:16,Room_1,Fan,5.0,27.95,53.2,0
2026-04-25 17:32:16,Room_1,Lights,2.0,27.95,53.2,0
2026-04-25 17:32:18,Room_1,AC,50.0,27.67,54.7,0
2026-04-25 17:32:18,Room_1,Heater,10.0,27.67,54.7,0
2026-04-25 17:32:18,Room_1,Fan,5.0,27.67,54.7,0
2026-04-25 17:32:18,Room_1,Lights,60.0,27.67,54.7,1
2026-04-25 17:32:20,Room_1,AC,50.0,27.46,55.5,0
2026-04-25 17:32:20,Room_1,Heater,10.0,27.46,55.5,0
2026-04-25 17:32:20,Room_1,Fan,5.0,27.46,55.5,0
2026-04-25 17:32:20,Room_1,Lights,60.0,27.46,55.5,1
2026-04-25 17:32:22,Room_1,AC,50.0,27.24,56.0,0
2026-04-25 17:32:22,Room_1,Heater,10.0,27.24,56.0,0
2026-04-25 17:32:22,Room_1,Fan,75.0,27.24,56.0,1
2026-04-25 17:32:22,Room_1,Lights,60.0,27.24,56.0,1
2026-04-25 17:32:24,Room_1,AC,50.0,27.04,55.5,0
2026-04-25 17:32:24,Room_1,Heater,10.0,27.04,55.5,0
2026-04-25 17:32:24,Room_1,Fan,5.0,27.04,55.5,0
2026-04-25 17:32:24,Room_1,Lights,60.0,27.04,55.5,1
2026-04-25 17:32:26,Room_1,AC,50.0,26.78,56.0,0
2026-04-25 17:32:26,Room_1,Heater,10.0,26.78,56.0,0
2026-04-25 17:32:26,Room_1,Fan,75.0,26.78,56.0,1
2026-04-25 17:32:26,Room_1,Lights,60.0,26.78,56.0,1
2026-04-25 17:32:28,Room_1,AC,50.0,26.56,56.8,0
2026-04-25 17:32:28,Room_1,Heater,10.0,26.56,56.8,0
2026-04-25 17:32:28,Room_1,Fan,5.0,26.56,56.8,0
2026-04-25 17:32:28,Room_1,Lights,60.0,26.56,56.8,1
2026-04-25 17:32:30,Room_1,AC,50.0,26.26,56.4,0
2026-04-25 17:32:30,Room_1,Heater,10.0,26.26,56.4,0
2026-04-25 17:32:30,Room_1,Fan,75.0,26.26,56.4,1
2026-04-25 17:32:30,Room_1,Lights,60.0,26.26,56.4,1
2026-04-25 17:32:32,Room_1,AC,50.0,25.97,57.5,0
2026-04-25 17:32:32,Room_1,Heater,10.0,25.97,57.5,0
2026-04-25 17:32:32,Room_1,Fan,75.0,25.97,57.5,1
2026-04-25 17:32:32,Room_1,Lights,60.0,25.97,57.5,1
2026-04-25 17:32:34,Room_1,AC,50.0,25.76,58.5,0
2026-04-25 17:32:34,Room_1,Heater,10.0,25.76,58.5,0
2026-04-25 17:32:34,Room_1,Fan,5.0,25.76,58.5,0
2026-04-25 17:32:34,Room_1,Lights,60.0,25.76,58.5,1
2026-04-25 17:32:36,Room_1,AC,50.0,25.54,58.8,0
2026-04-25 17:32:36,Room_1,Heater,10.0,25.54,58.8,0
2026-04-25 17:32:36,Room_1,Fan,75.0,25.54,58.8,1
2026-04-25 17:32:36,Room_1,Lights,60.0,25.54,58.8,1
2026-04-25 17:32:38,Room_1,AC,50.0,25.25,59.0,0
2026-04-25 17:32:38,Room_1,Heater,10.0,25.25,59.0,0
2026-04-25 17:32:38,Room_1,Fan,5.0,25.25,59.0,0
2026-04-25 17:32:38,Room_1,Lights,60.0,25.25,59.0,1
2026-04-25 17:32:40,Room_1,AC,50.0,24.98,59.7,0
2026-04-25 17:32:40,Room_1,Heater,10.0,24.98,59.7,0
2026-04-25 17:32:40,Room_1,Fan,75.0,24.98,59.7,1
2026-04-25 17:32:40,Room_1,Lights,60.0,24.98,59.7,1
2026-04-25 17:32:42,Room_1,AC,50.0,25.18,59.9,0
2026-04-25 17:32:42,Room_1,Heater,10.0,25.18,59.9,0
2026-04-25 17:32:42,Room_1,Fan,75.0,25.18,59.9,1
2026-04-25 17:32:42,Room_1,Lights,60.0,25.18,59.9,1
2026-04-25 17:32:44,Room_1,AC,50.0,24.95,60.2,0
2026-04-25 17:32:44,Room_1,Heater,10.0,24.95,60.2,0
2026-04-25 17:32:44,Room_1,Fan,75.0,24.95,60.2,1
2026-04-25 17:32:44,Room_1,Lights,60.0,24.95,60.2,1
2026-04-25 17:32:46,Room_1,AC,50.0,24.71,61.1,0
2026-04-25 17:32:46,Room_1,Heater,10.0,24.71,61.1,0
2026-04-25 17:32:46,Room_1,Fan,5.0,24.71,61.1,0
2026-04-25 17:32:46,Room_1,Lights,60.0,24.71,61.1,1
2026-04-25 17:32:48,Room_1,AC,50.0,24.46,61.8,0
2026-04-25 17:32:48,Room_1,Heater,10.0,24.46,61.8,0
2026-04-25 17:32:48,Room_1,Fan,5.0,24.46,61.8,0
2026-04-25 17:32:48,Room_1,Lights,60.0,24.46,61.8,1
2026-04-25 17:32:50,Room_1,AC,50.0,24.2,62.9,0
2026-04-25 17:32:50,Room_1,Heater,10.0,24.2,62.9,0
2026-04-25 17:32:50,Room_1,Fan,5.0,24.2,62.9,0
2026-04-25 17:32:50,Room_1,Lights,60.0,24.2,62.9,1
2026-04-25 17:32:52,Room_1,AC,50.0,23.99,62.7,0
2026-04-25 17:32:52,Room_1,Heater,10.0,23.99,62.7,0
2026-04-25 17:32:52,Room_1,Fan,5.0,23.99,62.7,0
2026-04-25 17:32:52,Room_1,Lights,60.0,23.99,62.7,1
2026-04-25 17:32:54,Room_1,AC,50.0,23.71,63.5,0
2026-04-25 17:32:54,Room_1,Heater,10.0,23.71,63.5,0
2026-04-25 17:32:54,Room_1,Fan,5.0,23.71,63.5,0
2026-04-25 17:32:54,Room_1,Lights,60.0,23.71,63.5,1
2026-04-25 17:32:56,Room_1,AC,50.0,23.42,64.6,0
2026-04-25 17:32:56,Room_1,Heater,10.0,23.42,64.6,0
2026-04-25 17:32:56,Room_1,Fan,5.0,23.42,64.6,0
2026-04-25 17:32:56,Room_1,Lights,60.0,23.42,64.6,1
2026-04-25 17:32:58,Room_1,AC,50.0,23.16,65.8,0
2026-04-25 17:32:58,Room_1,Heater,10.0,23.16,65.8,0
2026-04-25 17:32:58,Room_1,Fan,5.0,23.16,65.8,0
2026-04-25 17:32:58,Room_1,Lights,60.0,23.16,65.8,1
2026-04-25 17:33:00,Room_1,AC,50.0,22.94,65.1,0
2026-04-25 17:33:00,Room_1,Heater,10.0,22.94,65.1,0
2026-04-25 17:33:00,Room_1,Fan,5.0,22.94,65.1,0
2026-04-25 17:33:00,Room_1,Lights,60.0,22.94,65.1,1
2026-04-25 17:33:02,Room_1,AC,50.0,23.14,63.6,0
2026-04-25 17:33:02,Room_1,Heater,10.0,23.14,63.6,0
2026-04-25 17:33:02,Room_1,Fan,5.0,23.14,63.6,0
2026-04-25 17:33:02,Room_1,Lights,60.0,23.14,63.6,1
2026-04-25 17:33:04,Room_1,AC,50.0,22.91,63.3,0
2026-04-25 17:33:04,Room_1,Heater,10.0,22.91,63.3,0
2026-04-25 17:33:04,Room_1,Fan,75.0,22.91,63.3,1
2026-04-25 17:33:04,Room_1,Lights,60.0,22.91,63.3,1
2026-04-25 17:33:06,Room_1,AC,50.0,23.12,64.1,0
2026-04-25 17:33:06,Room_1,Heater,10.0,23.12,64.1,0
2026-04-25 17:33:06,Room_1,Fan,5.0,23.12,64.1,0
2026-04-25 17:33:06,Room_1,Lights,60.0,23.12,64.1,1
2026-04-25 17:33:08,Room_1,AC,50.0,22.87,65.5,0
2026-04-25 17:33:08,Room_1,Heater,10.0,22.87,65.5,0
2026-04-25 17:33:08,Room_1,Fan,5.0,22.87,65.5,0
2026-04-25 17:33:08,Room_1,Lights,60.0,22.87,65.5,1
2026-04-25 17:33:10,Room_1,AC,50.0,23.16,64.8,0
2026-04-25 17:33:10,Room_1,Heater,10.0,23.16,64.8,0
2026-04-25 17:33:10,Room_1,Fan,5.0,23.16,64.8,0
2026-04-25 17:33:10,Room_1,Lights,60.0,23.16,64.8,1
2026-04-25 17:33:12,Room_1,AC,50.0,22.93,65.5,0
2026-04-25 17:33:12,Room_1,Heater,10.0,22.93,65.5,0
2026-04-25 17:33:12,Room_1,Fan,5.0,22.93,65.5,0
2026-04-25 17:33:12,Room_1,Lights,60.0,22.93,65.5,1
2026-04-25 17:33:14,Room_1,AC,50.0,23.17,65.0,0
2026-04-25 17:33:14,Room_1,Heater,10.0,23.17,65.0,0
2026-04-25 17:33:14,Room_1,Fan,5.0,23.17,65.0,0
2026-04-25 17:33:14,Room_1,Lights,60.0,23.17,65.0,1
2026-04-25 17:33:16,Room_1,AC,50.0,22.93,64.6,0
2026-04-25 17:33:16,Room_1,Heater,10.0,22.93,64.6,0
2026-04-25 17:33:16,Room_1,Fan,5.0,22.93,64.6,0
2026-04-25 17:33:16,Room_1,Lights,60.0,22.93,64.6,1
2026-04-25 17:33:18,Room_1,AC,50.0,23.16,65.6,0
2026-04-25 17:33:18,Room_1,Heater,10.0,23.16,65.6,0
2026-04-25 17:33:18,Room_1,Fan,5.0,23.16,65.6,0
2026-04-25 17:33:18,Room_1,Lights,60.0,23.16,65.6,1
2026-04-25 17:33:20,Room_1,AC,50.0,22.88,65.8,0
2026-04-25 17:33:20,Room_1,Heater,10.0,22.88,65.8,0
2026-04-25 17:33:20,Room_1,Fan,5.0,22.88,65.8,0
2026-04-25 17:33:20,Room_1,Lights,60.0,22.88,65.8,1
2026-04-25 17:33:22,Room_1,AC,50.0,23.11,66.0,0
2026-04-25 17:33:22,Room_1,Heater,10.0,23.11,66.0,0
2026-04-25 17:33:22,Room_1,Fan,5.0,23.11,66.0,0
2026-04-25 17:33:22,Room_1,Lights,60.0,23.11,66.0,1
2026-04-25 17:33:24,Room_1,AC,50.0,22.84,64.7,0
2026-04-25 17:33:24,Room_1,Heater,10.0,22.84,64.7,0
2026-04-25 17:33:24,Room_1,Fan,5.0,22.84,64.7,0
2026-04-25 17:33:24,Room_1,Lights,60.0,22.84,64.7,1
2026-04-25 17:33:26,Room_1,AC,50.0,23.06,65.8,0
2026-04-25 17:33:26,Room_1,Heater,10.0,23.06,65.8,0
2026-04-25 17:33:26,Room_1,Fan,5.0,23.06,65.8,0
2026-04-25 17:33:26,Room_1,Lights,60.0,23.06,65.8,1
2026-04-25 17:33:28,Room_1,AC,50.0,22.79,64.7,0
2026-04-25 17:33:28,Room_1,Heater,10.0,22.79,64.7,0
2026-04-25 17:33:28,Room_1,Fan,5.0,22.79,64.7,0
2026-04-25 17:33:28,Room_1,Lights,60.0,22.79,64.7,1
2026-04-25 17:33:30,Room_1,AC,50.0,23.01,65.9,0
2026-04-25 17:33:30,Room_1,Heater,10.0,23.01,65.9,0
2026-04-25 17:33:30,Room_1,Fan,5.0,23.01,65.9,0
2026-04-25 17:33:30,Room_1,Lights,60.0,23.01,65.9,1
2026-04-25 17:33:32,Room_1,AC,50.0,22.77,65.1,0
2026-04-25 17:33:32,Room_1,Heater,10.0,22.77,65.1,0
2026-04-25 17:33:32,Room_1,Fan,5.0,22.77,65.1,0
2026-04-25 17:33:32,Room_1,Lights,60.0,22.77,65.1,1
2026-04-25 17:33:34,Room_1,AC,50.0,23.06,64.9,0
2026-04-25 17:33:34,Room_1,Heater,10.0,23.06,64.9,0
2026-04-25 17:33:34,Room_1,Fan,5.0,23.06,64.9,0
2026-04-25 17:33:34,Room_1,Lights,60.0,23.06,64.9,1
2026-04-25 17:33:36,Room_1,AC,50.0,23.34,64.4,0
2026-04-25 17:33:36,Room_1,Heater,10.0,23.34,64.4,0
2026-04-25 17:33:36,Room_1,Fan,75.0,23.34,64.4,1
2026-04-25 17:33:36,Room_1,Lights,60.0,23.34,64.4,1
2026-04-25 17:33:38,Room_1,AC,50.0,23.64,64.4,0
2026-04-25 17:33:38,Room_1,Heater,10.0,23.64,64.4,0
2026-04-25 17:33:38,Room_1,Fan,75.0,23.64,64.4,1
2026-04-25 17:33:38,Room_1,Lights,2.0,23.64,64.4,0
2026-04-25 17:33:40,Room_1,AC,50.0,23.9,63.0,0
2026-04-25 17:33:40,Room_1,Heater,10.0,23.9,63.0,0
2026-04-25 17:33:40,Room_1,Fan,75.0,23.9,63.0,1
2026-04-25 17:33:40,Room_1,Lights,2.0,23.9,63.0,0
2026-04-25 17:33:42,Room_1,AC,50.0,24.12,62.2,0
2026-04-25 17:33:42,Room_1,Heater,10.0,24.12,62.2,0
2026-04-25 17:33:42,Room_1,Fan,75.0,24.12,62.2,1
2026-04-25 17:33:42,Room_1,Lights,2.0,24.12,62.2,0
2026-04-25 17:33:44,Room_1,AC,50.0,24.41,61.9,0
2026-04-25 17:33:44,Room_1,Heater,10.0,24.41,61.9,0
2026-04-25 17:33:44,Room_1,Fan,75.0,24.41,61.9,1
2026-04-25 17:33:44,Room_1,Lights,2.0,24.41,61.9,0
2026-04-25 17:33:46,Room_1,AC,50.0,24.68,60.6,0
2026-04-25 17:33:46,Room_1,Heater,10.0,24.68,60.6,0
2026-04-25 17:33:46,Room_1,Fan,75.0,24.68,60.6,1
2026-04-25 17:33:46,Room_1,Lights,2.0,24.68,60.6,0
2026-04-25 17:33:48,Room_1,AC,50.0,24.98,60.5,0
2026-04-25 17:33:48,Room_1,Heater,10.0,24.98,60.5,0
2026-04-25 17:33:48,Room_1,Fan,5.0,24.98,60.5,0
2026-04-25 17:33:48,Room_1,Lights,2.0,24.98,60.5,0
2026-04-25 17:33:50,Room_1,AC,50.0,25.27,60.2,0
2026-04-25 17:33:50,Room_1,Heater,10.0,25.27,60.2,0
2026-04-25 17:33:50,Room_1,Fan,75.0,25.27,60.2,1
2026-04-25 17:33:50,Room_1,Lights,2.0,25.27,60.2,0
2026-04-25 17:33:52,Room_1,AC,50.0,25.49,60.5,0
2026-04-25 17:33:52,Room_1,Heater,10.0,25.49,60.5,0
2026-04-25 17:33:52,Room_1,Fan,5.0,25.49,60.5,0
2026-04-25 17:33:52,Room_1,Lights,2.0,25.49,60.5,0
2026-04-25 17:33:54,Room_1,AC,50.0,25.78,60.2,0
2026-04-25 17:33:54,Room_1,Heater,10.0,25.78,60.2,0
2026-04-25 17:33:54,Room_1,Fan,75.0,25.78,60.2,1
2026-04-25 17:33:54,Room_1,Lights,2.0,25.78,60.2,0
2026-04-25 17:33:56,Room_1,AC,50.0,25.99,60.1,0
2026-04-25 17:33:56,Room_1,Heater,10.0,25.99,60.1,0
2026-04-25 17:33:56,Room_1,Fan,75.0,25.99,60.1,1
2026-04-25 17:33:56,Room_1,Lights,2.0,25.99,60.1,0
2026-04-25 17:33:58,Room_1,AC,50.0,26.24,58.9,0
2026-04-25 17:33:58,Room_1,Heater,10.0,26.24,58.9,0
2026-04-25 17:33:58,Room_1,Fan,75.0,26.24,58.9,1
2026-04-25 17:33:58,Room_1,Lights,2.0,26.24,58.9,0
2026-04-25 17:34:00,Room_1,AC,50.0,26.49,57.4,0
2026-04-25 17:34:00,Room_1,Heater,10.0,26.49,57.4,0
2026-04-25 17:34:00,Room_1,Fan,75.0,26.49,57.4,1
2026-04-25 17:34:00,Room_1,Lights,2.0,26.49,57.4,0
2026-04-25 17:34:02,Room_1,AC,50.0,26.72,56.3,0
2026-04-25 17:34:02,Room_1,Heater,10.0,26.72,56.3,0
2026-04-25 17:34:02,Room_1,Fan,5.0,26.72,56.3,0
2026-04-25 17:34:02,Room_1,Lights,2.0,26.72,56.3,0
2026-04-25 17:34:04,Room_1,AC,50.0,27.01,55.2,0
2026-04-25 17:34:04,Room_1,Heater,10.0,27.01,55.2,0
2026-04-25 17:34:04,Room_1,Fan,75.0,27.01,55.2,1
2026-04-25 17:34:04,Room_1,Lights,2.0,27.01,55.2,0
2026-04-25 17:34:06,Room_1,AC,50.0,27.21,55.7,0
2026-04-25 17:34:06,Room_1,Heater,10.0,27.21,55.7,0
2026-04-25 17:34:06,Room_1,Fan,5.0,27.21,55.7,0
2026-04-25 17:34:06,Room_1,Lights,2.0,27.21,55.7,0
2026-04-25 17:34:08,Room_1,AC,50.0,27.47,55.3,0
2026-04-25 17:34:08,Room_1,Heater,10.0,27.47,55.3,0
2026-04-25 17:34:08,Room_1,Fan,5.0,27.47,55.3,0
2026-04-25 17:34:08,Room_1,Lights,2.0,27.47,55.3,0
2026-04-25 17:34:10,Room_1,AC,50.0,27.68,54.5,0
2026-04-25 17:34:10,Room_1,Heater,10.0,27.68,54.5,0
2026-04-25 17:34:10,Room_1,Fan,5.0,27.68,54.5,0
2026-04-25 17:34:10,Room_1,Lights,2.0,27.68,54.5,0
2026-04-25 17:34:12,Room_1,AC,50.0,27.89,55.0,0
2026-04-25 17:34:12,Room_1,Heater,10.0,27.89,55.0,0
2026-04-25 17:34:12,Room_1,Fan,75.0,27.89,55.0,1
2026-04-25 17:34:12,Room_1,Lights,2.0,27.89,55.0,0
2026-04-25 17:34:14,Room_1,AC,50.0,28.17,53.6,0
2026-04-25 17:34:14,Room_1,Heater,10.0,28.17,53.6,0
2026-04-25 17:34:14,Room_1,Fan,5.0,28.17,53.6,0
2026-04-25 17:34:14,Room_1,Lights,2.0,28.17,53.6,0
2026-04-25 17:34:16,Room_1,AC,50.0,28.38,53.5,0
2026-04-25 17:34:16,Room_1,Heater,10.0,28.38,53.5,0
2026-04-25 17:34:16,Room_1,Fan,75.0,28.38,53.5,1
2026-04-25 17:34:16,Room_1,Lights,2.0,28.38,53.5,0
2026-04-25 17:34:18,Room_1,AC,50.0,28.64,52.4,0
2026-04-25 17:34:18,Room_1,Heater,10.0,28.64,52.4,0
2026-04-25 17:34:18,Room_1,Fan,5.0,28.64,52.4,0
2026-04-25 17:34:18,Room_1,Lights,2.0,28.64,52.4,0
2026-04-25 17:34:20,Room_1,AC,50.0,28.89,51.3,0
2026-04-25 17:34:20,Room_1,Heater,10.0,28.89,51.3,0
2026-04-25 17:34:20,Room_1,Fan,5.0,28.89,51.3,0
2026-04-25 17:34:20,Room_1,Lights,2.0,28.89,51.3,0
2026-04-25 17:34:22,Room_1,AC,50.0,29.16,51.1,0
2026-04-25 17:34:22,Room_1,Heater,10.0,29.16,51.1,0
2026-04-25 17:34:22,Room_1,Fan,5.0,29.16,51.1,0
2026-04-25 17:34:22,Room_1,Lights,2.0,29.16,51.1,0
2026-04-25 17:34:24,Room_1,AC,50.0,29.38,49.6,0
2026-04-25 17:34:24,Room_1,Heater,10.0,29.38,49.6,0
2026-04-25 17:34:24,Room_1,Fan,5.0,29.38,49.6,0
2026-04-25 17:34:24,Room_1,Lights,2.0,29.38,49.6,0
2026-04-25 17:34:26,Room_1,AC,50.0,29.67,49.7,0
2026-04-25 17:34:26,Room_1,Heater,10.0,29.67,49.7,0
2026-04-25 17:34:26,Room_1,Fan,5.0,29.67,49.7,0
2026-04-25 17:34:26,Room_1,Lights,2.0,29.67,49.7,0
2026-04-25 17:34:28,Room_1,AC,50.0,29.94,48.8,0
2026-04-25 17:34:28,Room_1,Heater,10.0,29.94,48.8,0
2026-04-25 17:34:28,Room_1,Fan,5.0,29.94,48.8,0
2026-04-25 17:34:28,Room_1,Lights,2.0,29.94,48.8,0
2026-04-25 17:34:30,Room_1,AC,1500.0,30.2,48.3,1
2026-04-25 17:34:30,Room_1,Heater,10.0,30.2,48.3,0
2026-04-25 17:34:30,Room_1,Fan,5.0,30.2,48.3,0
2026-04-25 17:34:30,Room_1,Lights,2.0,30.2,48.3,0
2026-04-25 17:34:32,Room_1,AC,1500.0,30.47,46.9,1
2026-04-25 17:34:32,Room_1,Heater,10.0,30.47,46.9,0
2026-04-25 17:34:32,Room_1,Fan,5.0,30.47,46.9,0
2026-04-25 17:34:32,Room_1,Lights,2.0,30.47,46.9,0
2026-04-25 17:34:34,Room_1,AC,1500.0,30.77,46.1,1
2026-04-25 17:34:34,Room_1,Heater,10.0,30.77,46.1,0
2026-04-25 17:34:34,Room_1,Fan,75.0,30.77,46.1,1
2026-04-25 17:34:34,Room_1,Lights,2.0,30.77,46.1,0
2026-04-25 17:34:36,Room_1,AC,1500.0,30.98,45.0,1
2026-04-25 17:34:36,Room_1,Heater,10.0,30.98,45.0,0
2026-04-25 17:34:36,Room_1,Fan,75.0,30.98,45.0,1
2026-04-25 17:34:36,Room_1,Lights,2.0,30.98,45.0,0
2026-04-25 17:34:38,Room_1,AC,1500.0,31.23,44.3,1
2026-04-25 17:34:38,Room_1,Heater,10.0,31.23,44.3,0
2026-04-25 17:34:38,Room_1,Fan,5.0,31.23,44.3,0
2026-04-25 17:34:38,Room_1,Lights,2.0,31.23,44.3,0
2026-04-25 17:34:40,Room_1,AC,1500.0,31.45,44.2,1
2026-04-25 17:34:40,Room_1,Heater,10.0,31.45,44.2,0
2026-04-25 17:34:40,Room_1,Fan,5.0,31.45,44.2,0
2026-04-25 17:34:40,Room_1,Lights,2.0,31.45,44.2,0
2026-04-25 17:34:42,Room_1,AC,1500.0,31.7,42.9,1
2026-04-25 17:34:42,Room_1,Heater,10.0,31.7,42.9,0
2026-04-25 17:34:42,Room_1,Fan,5.0,31.7,42.9,0
2026-04-25 17:34:42,Room_1,Lights,2.0,31.7,42.9,0
2026-04-25 17:34:44,Room_1,AC,1500.0,31.92,41.7,1
2026-04-25 17:34:44,Room_1,Heater,10.0,31.92,41.7,0
2026-04-25 17:34:44,Room_1,Fan,5.0,31.92,41.7,0
2026-04-25 17:34:44,Room_1,Lights,2.0,31.92,41.7,0
2026-04-25 17:34:46,Room_1,AC,1500.0,32.22,41.6,1
2026-04-25 17:34:46,Room_1,Heater,10.0,32.22,41.6,0
2026-04-25 17:34:46,Room_1,Fan,5.0,32.22,41.6,0
2026-04-25 17:34:46,Room_1,Lights,2.0,32.22,41.6,0
2026-04-25 17:34:48,Room_1,AC,1500.0,32.45,42.1,1
2026-04-25 17:34:48,Room_1,Heater,10.0,32.45,42.1,0
2026-04-25 17:34:48,Room_1,Fan,5.0,32.45,42.1,0
2026-04-25 17:34:48,Room_1,Lights,2.0,32.45,42.1,0
2026-04-25 17:34:50,Room_1,AC,1500.0,32.74,41.4,1
2026-04-25 17:34:50,Room_1,Heater,10.0,32.74,41.4,0
2026-04-25 17:34:50,Room_1,Fan,5.0,32.74,41.4,0
2026-04-25 17:34:50,Room_1,Lights,2.0,32.74,41.4,0
2026-04-25 17:34:52,Room_1,AC,1500.0,32.49,40.6,1
2026-04-25 17:34:52,Room_1,Heater,10.0,32.49,40.6,0
2026-04-25 17:34:52,Room_1,Fan,5.0,32.49,40.6,0
2026-04-25 17:34:52,Room_1,Lights,2.0,32.49,40.6,0
2026-04-25 17:34:54,Room_1,AC,1500.0,32.19,41.4,1
2026-04-25 17:34:54,Room_1,Heater,10.0,32.19,41.4,0
2026-04-25 17:34:54,Room_1,Fan,75.0,32.19,41.4,1
2026-04-25 17:34:54,Room_1,Lights,2.0,32.19,41.4,0
2026-04-25 17:34:56,Room_1,AC,1500.0,31.89,41.5,1
2026-04-25 17:34:56,Room_1,Heater,10.0,31.89,41.5,0
2026-04-25 17:34:56,Room_1,Fan,75.0,31.89,41.5,1
2026-04-25 17:34:56,Room_1,Lights,2.0,31.89,41.5,0
2026-04-25 17:34:58,Room_1,AC,1500.0,31.59,42.4,1
2026-04-25 17:34:58,Room_1,Heater,10.0,31.59,42.4,0
2026-04-25 17:34:58,Room_1,Fan,5.0,31.59,42.4,0
2026-04-25 17:34:58,Room_1,Lights,2.0,31.59,42.4,0
2026-04-25 17:35:00,Room_1,AC,1500.0,31.36,43.6,1
2026-04-25 17:35:00,Room_1,Heater,10.0,31.36,43.6,0
2026-04-25 17:35:00,Room_1,Fan,5.0,31.36,43.6,0
2026-04-25 17:35:00,Room_1,Lights,2.0,31.36,43.6,0
2026-04-25 17:35:02,Room_1,AC,1500.0,31.07,44.0,1
2026-04-25 17:35:02,Room_1,Heater,10.0,31.07,44.0,0
2026-04-25 17:35:02,Room_1,Fan,75.0,31.07,44.0,1
2026-04-25 17:35:02,Room_1,Lights,2.0,31.07,44.0,0
2026-04-25 17:35:04,Room_1,AC,1500.0,30.82,45.2,1
2026-04-25 17:35:04,Room_1,Heater,10.0,30.82,45.2,0
2026-04-25 17:35:04,Room_1,Fan,75.0,30.82,45.2,1
2026-04-25 17:35:04,Room_1,Lights,2.0,30.82,45.2,0
2026-04-25 17:35:06,Room_1,AC,1500.0,30.58,45.0,1
2026-04-25 17:35:06,Room_1,Heater,10.0,30.58,45.0,0
2026-04-25 17:35:06,Room_1,Fan,75.0,30.58,45.0,1
2026-04-25 17:35:06,Room_1,Lights,2.0,30.58,45.0,0
2026-04-25 17:35:08,Room_1,AC,1500.0,30.28,45.1,1
2026-04-25 17:35:08,Room_1,Heater,10.0,30.28,45.1,0
2026-04-25 17:35:08,Room_1,Fan,75.0,30.28,45.1,1
2026-04-25 17:35:08,Room_1,Lights,2.0,30.28,45.1,0
2026-04-25 17:35:10,Room_1,AC,50.0,29.99,46.5,0
2026-04-25 17:35:10,Room_1,Heater,10.0,29.99,46.5,0
2026-04-25 17:35:10,Room_1,Fan,75.0,29.99,46.5,1
2026-04-25 17:35:10,Room_1,Lights,2.0,29.99,46.5,0
2026-04-25 17:35:12,Room_1,AC,50.0,29.75,46.4,0
2026-04-25 17:35:12,Room_1,Heater,10.0,29.75,46.4,0
2026-04-25 17:35:12,Room_1,Fan,5.0,29.75,46.4,0
2026-04-25 17:35:12,Room_1,Lights,2.0,29.75,46.4,0
2026-04-25 17:35:14,Room_1,AC,50.0,29.53,47.4,0
2026-04-25 17:35:14,Room_1,Heater,10.0,29.53,47.4,0
2026-04-25 17:35:14,Room_1,Fan,75.0,29.53,47.4,1
2026-04-25 17:35:14,Room_1,Lights,2.0,29.53,47.4,0
2026-04-25 17:35:16,Room_1,AC,50.0,29.24,46.9,0
2026-04-25 17:35:16,Room_1,Heater,10.0,29.24,46.9,0
2026-04-25 17:35:16,Room_1,Fan,5.0,29.24,46.9,0
2026-04-25 17:35:16,Room_1,Lights,2.0,29.24,46.9,0
2026-04-25 17:35:18,Room_1,AC,50.0,29.02,46.6,0
2026-04-25 17:35:18,Room_1,Heater,10.0,29.02,46.6,0
2026-04-25 17:35:18,Room_1,Fan,75.0,29.02,46.6,1
2026-04-25 17:35:18,Room_1,Lights,2.0,29.02,46.6,0
2026-04-25 17:35:20,Room_1,AC,50.0,28.74,47.6,0
2026-04-25 17:35:20,Room_1,Heater,10.0,28.74,47.6,0
2026-04-25 17:35:20,Room_1,Fan,75.0,28.74,47.6,1
2026-04-25 17:35:20,Room_1,Lights,2.0,28.74,47.6,0
2026-04-25 17:35:22,Room_1,AC,50.0,28.51,47.1,0
2026-04-25 17:35:22,Room_1,Heater,10.0,28.51,47.1,0
2026-04-25 17:35:22,Room_1,Fan,5.0,28.51,47.1,0
2026-04-25 17:35:22,Room_1,Lights,2.0,28.51,47.1,0
2026-04-25 17:35:24,Room_1,AC,50.0,28.24,48.1,0
2026-04-25 17:35:24,Room_1,Heater,10.0,28.24,48.1,0
2026-04-25 17:35:24,Room_1,Fan,5.0,28.24,48.1,0
2026-04-25 17:35:24,Room_1,Lights,2.0,28.24,48.1,0
2026-04-25 17:35:26,Room_1,AC,50.0,28.04,49.6,0
2026-04-25 17:35:26,Room_1,Heater,10.0,28.04,49.6,0
2026-04-25 17:35:26,Room_1,Fan,5.0,28.04,49.6,0
2026-04-25 17:35:26,Room_1,Lights,2.0,28.04,49.6,0
2026-04-25 17:35:28,Room_1,AC,50.0,27.75,50.9,0
2026-04-25 17:35:28,Room_1,Heater,10.0,27.75,50.9,0
2026-04-25 17:35:28,Room_1,Fan,5.0,27.75,50.9,0
2026-04-25 17:35:28,Room_1,Lights,2.0,27.75,50.9,0
2026-04-25 17:35:30,Room_1,AC,50.0,27.51,51.1,0
2026-04-25 17:35:30,Room_1,Heater,10.0,27.51,51.1,0
2026-04-25 17:35:30,Room_1,Fan,75.0,27.51,51.1,1
2026-04-25 17:35:30,Room_1,Lights,2.0,27.51,51.1,0
2026-04-25 17:35:32,Room_1,AC,50.0,27.23,51.3,0
2026-04-25 17:35:32,Room_1,Heater,10.0,27.23,51.3,0
2026-04-25 17:35:32,Room_1,Fan,5.0,27.23,51.3,0
2026-04-25 17:35:32,Room_1,Lights,60.0,27.23,51.3,1
2026-04-25 17:35:34,Room_1,AC,50.0,26.95,51.4,0
2026-04-25 17:35:34,Room_1,Heater,10.0,26.95,51.4,0
2026-04-25 17:35:34,Room_1,Fan,5.0,26.95,51.4,0
2026-04-25 17:35:34,Room_1,Lights,60.0,26.95,51.4,1
2026-04-25 17:35:36,Room_1,AC,50.0,26.75,52.5,0
2026-04-25 17:35:36,Room_1,Heater,10.0,26.75,52.5,0
2026-04-25 17:35:36,Room_1,Fan,5.0,26.75,52.5,0
2026-04-25 17:35:36,Room_1,Lights,60.0,26.75,52.5,1
2026-04-25 17:35:38,Room_1,AC,50.0,26.5,53.1,0
2026-04-25 17:35:38,Room_1,Heater,10.0,26.5,53.1,0
2026-04-25 17:35:38,Room_1,Fan,5.0,26.5,53.1,0
2026-04-25 17:35:38,Room_1,Lights,60.0,26.5,53.1,1
2026-04-25 17:35:40,Room_1,AC,50.0,26.27,52.8,0
2026-04-25 17:35:40,Room_1,Heater,10.0,26.27,52.8,0
2026-04-25 17:35:40,Room_1,Fan,75.0,26.27,52.8,1
2026-04-25 17:35:40,Room_1,Lights,60.0,26.27,52.8,1
2026-04-25 17:35:42,Room_1,AC,50.0,26.07,53.2,0
2026-04-25 17:35:42,Room_1,Heater,10.0,26.07,53.2,0
2026-04-25 17:35:42,Room_1,Fan,75.0,26.07,53.2,1
2026-04-25 17:35:42,Room_1,Lights,60.0,26.07,53.2,1
2026-04-25 17:35:44,Room_1,AC,50.0,25.78,53.8,0
2026-04-25 17:35:44,Room_1,Heater,10.0,25.78,53.8,0
2026-04-25 17:35:44,Room_1,Fan,5.0,25.78,53.8,0
2026-04-25 17:35:44,Room_1,Lights,60.0,25.78,53.8,1
2026-04-25 17:35:46,Room_1,AC,50.0,25.56,53.9,0
2026-04-25 17:35:46,Room_1,Heater,10.0,25.56,53.9,0
2026-04-25 17:35:46,Room_1,Fan,75.0,25.56,53.9,1
2026-04-25 17:35:46,Room_1,Lights,60.0,25.56,53.9,1
2026-04-25 17:35:48,Room_1,AC,50.0,25.27,55.4,0
2026-04-25 17:35:48,Room_1,Heater,10.0,25.27,55.4,0
2026-04-25 17:35:48,Room_1,Fan,5.0,25.27,55.4,0
2026-04-25 17:35:48,Room_1,Lights,60.0,25.27,55.4,1
2026-04-25 17:35:50,Room_1,AC,50.0,25.0,55.2,0
2026-04-25 17:35:50,Room_1,Heater,10.0,25.0,55.2,0
2026-04-25 17:35:50,Room_1,Fan,75.0,25.0,55.2,1
2026-04-25 17:35:50,Room_1,Lights,60.0,25.0,55.2,1
2026-04-25 17:35:52,Room_1,AC,50.0,25.23,55.2,0
2026-04-25 17:35:52,Room_1,Heater,10.0,25.23,55.2,0
2026-04-25 17:35:52,Room_1,Fan,5.0,25.23,55.2,0
2026-04-25 17:35:52,Room_1,Lights,60.0,25.23,55.2,1
2026-04-25 17:35:54,Room_1,AC,50.0,24.99,55.8,0
2026-04-25 17:35:54,Room_1,Heater,10.0,24.99,55.8,0
2026-04-25 17:35:54,Room_1,Fan,75.0,24.99,55.8,1
2026-04-25 17:35:54,Room_1,Lights,60.0,24.99,55.8,1
2026-04-25 17:35:56,Room_1,AC,50.0,25.27,56.4,0
2026-04-25 17:35:56,Room_1,Heater,10.0,25.27,56.4,0
2026-04-25 17:35:56,Room_1,Fan,5.0,25.27,56.4,0
2026-04-25 17:35:56,Room_1,Lights,60.0,25.27,56.4,1
2026-04-25 17:35:58,Room_1,AC,50.0,25.01,57.2,0
2026-04-25 17:35:58,Room_1,Heater,10.0,25.01,57.2,0
2026-04-25 17:35:58,Room_1,Fan,5.0,25.01,57.2,0
2026-04-25 17:35:58,Room_1,Lights,60.0,25.01,57.2,1
2026-04-25 17:36:00,Room_1,AC,50.0,24.77,56.9,0
2026-04-25 17:36:00,Room_1,Heater,10.0,24.77,56.9,0
2026-04-25 17:36:00,Room_1,Fan,5.0,24.77,56.9,0
2026-04-25 17:36:00,Room_1,Lights,60.0,24.77,56.9,1
2026-04-25 17:36:02,Room_1,AC,50.0,24.53,57.7,0
2026-04-25 17:36:02,Room_1,Heater,10.0,24.53,57.7,0
2026-04-25 17:36:02,Room_1,Fan,5.0,24.53,57.7,0
2026-04-25 17:36:02,Room_1,Lights,60.0,24.53,57.7,1
2026-04-25 17:36:04,Room_1,AC,50.0,24.26,58.5,0
2026-04-25 17:36:04,Room_1,Heater,10.0,24.26,58.5,0
2026-04-25 17:36:04,Room_1,Fan,5.0,24.26,58.5,0
2026-04-25 17:36:04,Room_1,Lights,60.0,24.26,58.5,1
2026-04-25 17:36:06,Room_1,AC,50.0,24.05,59.4,0
2026-04-25 17:36:06,Room_1,Heater,10.0,24.05,59.4,0
2026-04-25 17:36:06,Room_1,Fan,5.0,24.05,59.4,0
2026-04-25 17:36:06,Room_1,Lights,60.0,24.05,59.4,1
2026-04-25 17:36:08,Room_1,AC,50.0,23.75,60.0,0
2026-04-25 17:36:08,Room_1,Heater,10.0,23.75,60.0,0
2026-04-25 17:36:08,Room_1,Fan,5.0,23.75,60.0,0
2026-04-25 17:36:08,Room_1,Lights,60.0,23.75,60.0,1
2026-04-25 17:36:10,Room_1,AC,50.0,23.54,60.4,0
2026-04-25 17:36:10,Room_1,Heater,10.0,23.54,60.4,0
2026-04-25 17:36:10,Room_1,Fan,5.0,23.54,60.4,0
2026-04-25 17:36:10,Room_1,Lights,60.0,23.54,60.4,1
2026-04-25 17:36:12,Room_1,AC,50.0,23.24,60.5,0
2026-04-25 17:36:12,Room_1,Heater,10.0,23.24,60.5,0
2026-04-25 17:36:12,Room_1,Fan,5.0,23.24,60.5,0
2026-04-25 17:36:12,Room_1,Lights,60.0,23.24,60.5,1
2026-04-25 17:36:14,Room_1,AC,50.0,22.98,61.0,0
2026-04-25 17:36:14,Room_1,Heater,10.0,22.98,61.0,0
2026-04-25 17:36:14,Room_1,Fan,5.0,22.98,61.0,0
2026-04-25 17:36:14,Room_1,Lights,60.0,22.98,61.0,1
2026-04-25 17:36:16,Room_1,AC,50.0,23.27,60.8,0
2026-04-25 17:36:16,Room_1,Heater,10.0,23.27,60.8,0
2026-04-25 17:36:16,Room_1,Fan,5.0,23.27,60.8,0
2026-04-25 17:36:16,Room_1,Lights,60.0,23.27,60.8,1
2026-04-25 17:36:18,Room_1,AC,50.0,22.99,60.9,0
2026-04-25 17:36:18,Room_1,Heater,10.0,22.99,60.9,0
2026-04-25 17:36:18,Room_1,Fan,5.0,22.99,60.9,0
2026-04-25 17:36:18,Room_1,Lights,60.0,22.99,60.9,1
2026-04-25 17:36:20,Room_1,AC,50.0,23.24,62.1,0
2026-04-25 17:36:20,Room_1,Heater,10.0,23.24,62.1,0
2026-04-25 17:36:20,Room_1,Fan,5.0,23.24,62.1,0
2026-04-25 17:36:20,Room_1,Lights,60.0,23.24,62.1,1
2026-04-25 17:36:22,Room_1,AC,50.0,23.04,63.4,0
2026-04-25 17:36:22,Room_1,Heater,10.0,23.04,63.4,0
2026-04-25 17:36:22,Room_1,Fan,5.0,23.04,63.4,0
2026-04-25 17:36:22,Room_1,Lights,60.0,23.04,63.4,1
2026-04-25 17:36:24,Room_1,AC,50.0,22.77,64.1,0
2026-04-25 17:36:24,Room_1,Heater,10.0,22.77,64.1,0
2026-04-25 17:36:24,Room_1,Fan,5.0,22.77,64.1,0
2026-04-25 17:36:24,Room_1,Lights,60.0,22.77,64.1,1
2026-04-25 17:36:26,Room_1,AC,50.0,23.07,64.5,0
2026-04-25 17:36:26,Room_1,Heater,10.0,23.07,64.5,0
2026-04-25 17:36:26,Room_1,Fan,5.0,23.07,64.5,0
2026-04-25 17:36:26,Room_1,Lights,60.0,23.07,64.5,1
2026-04-25 17:36:28,Room_1,AC,50.0,22.85,65.9,0
2026-04-25 17:36:28,Room_1,Heater,10.0,22.85,65.9,0
2026-04-25 17:36:28,Room_1,Fan,5.0,22.85,65.9,0
2026-04-25 17:36:28,Room_1,Lights,60.0,22.85,65.9,1
2026-04-25 17:36:30,Room_1,AC,50.0,23.07,65.4,0
2026-04-25 17:36:30,Room_1,Heater,10.0,23.07,65.4,0
2026-04-25 17:36:30,Room_1,Fan,5.0,23.07,65.4,0
2026-04-25 17:36:30,Room_1,Lights,60.0,23.07,65.4,1
2026-04-25 17:36:32,Room_1,AC,50.0,22.81,64.8,0
2026-04-25 17:36:32,Room_1,Heater,10.0,22.81,64.8,0
2026-04-25 17:36:32,Room_1,Fan,5.0,22.81,64.8,0
2026-04-25 17:36:32,Room_1,Lights,60.0,22.81,64.8,1
2026-04-25 17:36:34,Room_1,AC,50.0,23.09,65.6,0
2026-04-25 17:36:34,Room_1,Heater,10.0,23.09,65.6,0
2026-04-25 17:36:34,Room_1,Fan,5.0,23.09,65.6,0
2026-04-25 17:36:34,Room_1,Lights,60.0,23.09,65.6,1
2026-04-25 17:36:36,Room_1,AC,50.0,22.84,64.8,0
2026-04-25 17:36:36,Room_1,Heater,10.0,22.84,64.8,0
2026-04-25 17:36:36,Room_1,Fan,5.0,22.84,64.8,0
2026-04-25 17:36:36,Room_1,Lights,60.0,22.84,64.8,1
2026-04-25 17:36:38,Room_1,AC,50.0,23.11,65.4,0
2026-04-25 17:36:38,Room_1,Heater,10.0,23.11,65.4,0
2026-04-25 17:36:38,Room_1,Fan,5.0,23.11,65.4,0
2026-04-25 17:36:38,Room_1,Lights,60.0,23.11,65.4,1
2026-04-25 17:36:40,Room_1,AC,50.0,22.81,65.7,0
2026-04-25 17:36:40,Room_1,Heater,10.0,22.81,65.7,0
2026-04-25 17:36:40,Room_1,Fan,5.0,22.81,65.7,0
2026-04-25 17:36:40,Room_1,Lights,60.0,22.81,65.7,1
2026-04-25 17:36:42,Room_1,AC,50.0,23.04,64.6,0
2026-04-25 17:36:42,Room_1,Heater,10.0,23.04,64.6,0
2026-04-25 17:36:42,Room_1,Fan,5.0,23.04,64.6,0
2026-04-25 17:36:42,Room_1,Lights,60.0,23.04,64.6,1
2026-04-25 17:36:44,Room_1,AC,50.0,22.77,64.3,0
2026-04-25 17:36:44,Room_1,Heater,10.0,22.77,64.3,0
2026-04-25 17:36:44,Room_1,Fan,5.0,22.77,64.3,0
2026-04-25 17:36:44,Room_1,Lights,60.0,22.77,64.3,1
2026-04-25 17:36:46,Room_1,AC,50.0,22.98,64.3,0
2026-04-25 17:36:46,Room_1,Heater,10.0,22.98,64.3,0
2026-04-25 17:36:46,Room_1,Fan,75.0,22.98,64.3,1
2026-04-25 17:36:46,Room_1,Lights,60.0,22.98,64.3,1
2026-04-25 17:36:48,Room_1,AC,50.0,23.18,64.1,0
2026-04-25 17:36:48,Room_1,Heater,10.0,23.18,64.1,0
2026-04-25 17:36:48,Room_1,Fan,75.0,23.18,64.1,1
2026-04-25 17:36:48,Room_1,Lights,60.0,23.18,64.1,1
2026-04-25 17:36:50,Room_1,AC,50.0,23.42,64.4,0
2026-04-25 17:36:50,Room_1,Heater,10.0,23.42,64.4,0
2026-04-25 17:36:50,Room_1,Fan,75.0,23.42,64.4,1
2026-04-25 17:36:50,Room_1,Lights,60.0,23.42,64.4,1
2026-04-25 17:36:52,Room_1,AC,50.0,23.7,63.7,0
2026-04-25 17:36:52,Room_1,Heater,10.0,23.7,63.7,0
2026-04-25 17:36:52,Room_1,Fan,75.0,23.7,63.7,1
2026-04-25 17:36:52,Room_1,Lights,2.0,23.7,63.7,0
2026-04-25 17:36:54,Room_1,AC,50.0,23.92,62.3,0
2026-04-25 17:36:54,Room_1,Heater,10.0,23.92,62.3,0
2026-04-25 17:36:54,Room_1,Fan,75.0,23.92,62.3,1
2026-04-25 17:36:54,Room_1,Lights,2.0,23.92,62.3,0
2026-04-25 17:36:56,Room_1,AC,50.0,24.18,62.2,0
2026-04-25 17:36:56,Room_1,Heater,10.0,24.18,62.2,0
2026-04-25 17:36:56,Room_1,Fan,75.0,24.18,62.2,1
2026-04-25 17:36:56,Room_1,Lights,2.0,24.18,62.2,0
2026-04-25 17:36:58,Room_1,AC,50.0,24.44,61.6,0
2026-04-25 17:36:58,Room_1,Heater,10.0,24.44,61.6,0
2026-04-25 17:36:58,Room_1,Fan,75.0,24.44,61.6,1
2026-04-25 17:36:58,Room_1,Lights,2.0,24.44,61.6,0
2026-04-25 17:37:00,Room_1,AC,50.0,24.73,61.1,0
2026-04-25 17:37:00,Room_1,Heater,10.0,24.73,61.1,0
2026-04-25 17:37:00,Room_1,Fan,75.0,24.73,61.1,1
2026-04-25 17:37:00,Room_1,Lights,2.0,24.73,61.1,0
2026-04-25 17:37:02,Room_1,AC,50.0,24.97,61.4,0
2026-04-25 17:37:02,Room_1,Heater,10.0,24.97,61.4,0
2026-04-25 17:37:02,Room_1,Fan,75.0,24.97,61.4,1
2026-04-25 17:37:02,Room_1,Lights,2.0,24.97,61.4,0
2026-04-25 17:37:04,Room_1,AC,50.0,25.21,61.3,0
2026-04-25 17:37:04,Room_1,Heater,10.0,25.21,61.3,0
2026-04-25 17:37:04,Room_1,Fan,75.0,25.21,61.3,1
2026-04-25 17:37:04,Room_1,Lights,2.0,25.21,61.3,0
2026-04-25 17:37:06,Room_1,AC,50.0,25.41,61.8,0
2026-04-25 17:37:06,Room_1,Heater,10.0,25.41,61.8,0
2026-04-25 17:37:06,Room_1,Fan,75.0,25.41,61.8,1
2026-04-25 17:37:06,Room_1,Lights,2.0,25.41,61.8,0
2026-04-25 17:37:08,Room_1,AC,50.0,25.62,62.1,0
2026-04-25 17:37:08,Room_1,Heater,10.0,25.62,62.1,0
2026-04-25 17:37:08,Room_1,Fan,75.0,25.62,62.1,1
2026-04-25 17:37:08,Room_1,Lights,2.0,25.62,62.1,0
2026-04-25 17:37:10,Room_1,AC,50.0,25.88,61.4,0
2026-04-25 17:37:10,Room_1,Heater,10.0,25.88,61.4,0
2026-04-25 17:37:10,Room_1,Fan,5.0,25.88,61.4,0
2026-04-25 17:37:10,Room_1,Lights,2.0,25.88,61.4,0
2026-04-25 17:37:12,Room_1,AC,50.0,26.16,61.0,0
2026-04-25 17:37:12,Room_1,Heater,10.0,26.16,61.0,0
2026-04-25 17:37:12,Room_1,Fan,75.0,26.16,61.0,1
2026-04-25 17:37:12,Room_1,Lights,2.0,26.16,61.0,0
2026-04-25 17:37:14,Room_1,AC,50.0,26.44,59.9,0
2026-04-25 17:37:14,Room_1,Heater,10.0,26.44,59.9,0
2026-04-25 17:37:14,Room_1,Fan,5.0,26.44,59.9,0
2026-04-25 17:37:14,Room_1,Lights,2.0,26.44,59.9,0
2026-04-25 17:37:16,Room_1,AC,50.0,26.69,58.9,0
2026-04-25 17:37:16,Room_1,Heater,10.0,26.69,58.9,0
2026-04-25 17:37:16,Room_1,Fan,5.0,26.69,58.9,0
2026-04-25 17:37:16,Room_1,Lights,2.0,26.69,58.9,0
2026-04-25 17:37:18,Room_1,AC,50.0,26.92,58.1,0
2026-04-25 17:37:18,Room_1,Heater,10.0,26.92,58.1,0
2026-04-25 17:37:18,Room_1,Fan,5.0,26.92,58.1,0
2026-04-25 17:37:18,Room_1,Lights,2.0,26.92,58.1,0
2026-04-25 17:37:20,Room_1,AC,50.0,27.13,58.4,0
2026-04-25 17:37:20,Room_1,Heater,10.0,27.13,58.4,0
2026-04-25 17:37:20,Room_1,Fan,75.0,27.13,58.4,1
2026-04-25 17:37:20,Room_1,Lights,2.0,27.13,58.4,0
2026-04-25 17:37:22,Room_1,AC,50.0,27.42,57.5,0
2026-04-25 17:37:22,Room_1,Heater,10.0,27.42,57.5,0
2026-04-25 17:37:22,Room_1,Fan,5.0,27.42,57.5,0
2026-04-25 17:37:22,Room_1,Lights,2.0,27.42,57.5,0
2026-04-25 17:37:24,Room_1,AC,50.0,27.66,56.6,0
2026-04-25 17:37:24,Room_1,Heater,10.0,27.66,56.6,0
2026-04-25 17:37:24,Room_1,Fan,5.0,27.66,56.6,0
2026-04-25 17:37:24,Room_1,Lights,2.0,27.66,56.6,0
2026-04-25 17:37:26,Room_1,AC,50.0,27.94,55.2,0
2026-04-25 17:37:26,Room_1,Heater,10.0,27.94,55.2,0
2026-04-25 17:37:26,Room_1,Fan,5.0,27.94,55.2,0
2026-04-25 17:37:26,Room_1,Lights,2.0,27.94,55.2,0
2026-04-25 17:37:28,Room_1,AC,50.0,28.15,54.0,0
2026-04-25 17:37:28,Room_1,Heater,10.0,28.15,54.0,0
2026-04-25 17:37:28,Room_1,Fan,5.0,28.15,54.0,0
2026-04-25 17:37:28,Room_1,Lights,2.0,28.15,54.0,0
2026-04-25 17:37:30,Room_1,AC,50.0,28.38,53.6,0
2026-04-25 17:37:30,Room_1,Heater,10.0,28.38,53.6,0
2026-04-25 17:37:30,Room_1,Fan,5.0,28.38,53.6,0
2026-04-25 17:37:30,Room_1,Lights,2.0,28.38,53.6,0
2026-04-25 17:37:32,Room_1,AC,50.0,28.64,52.3,0
2026-04-25 17:37:32,Room_1,Heater,10.0,28.64,52.3,0
2026-04-25 17:37:32,Room_1,Fan,75.0,28.64,52.3,1
2026-04-25 17:37:32,Room_1,Lights,2.0,28.64,52.3,0
2026-04-25 17:37:34,Room_1,AC,50.0,28.92,52.4,0
2026-04-25 17:37:34,Room_1,Heater,10.0,28.92,52.4,0
2026-04-25 17:37:34,Room_1,Fan,5.0,28.92,52.4,0
2026-04-25 17:37:34,Room_1,Lights,2.0,28.92,52.4,0
2026-04-25 17:37:36,Room_1,AC,50.0,29.21,51.0,0
2026-04-25 17:37:36,Room_1,Heater,10.0,29.21,51.0,0
2026-04-25 17:37:36,Room_1,Fan,75.0,29.21,51.0,1
2026-04-25 17:37:36,Room_1,Lights,2.0,29.21,51.0,0
2026-04-25 17:37:38,Room_1,AC,50.0,29.44,51.4,0
2026-04-25 17:37:38,Room_1,Heater,10.0,29.44,51.4,0
2026-04-25 17:37:38,Room_1,Fan,75.0,29.44,51.4,1
2026-04-25 17:37:38,Room_1,Lights,2.0,29.44,51.4,0
2026-04-25 17:37:40,Room_1,AC,50.0,29.73,51.8,0
2026-04-25 17:37:40,Room_1,Heater,10.0,29.73,51.8,0
2026-04-25 17:37:40,Room_1,Fan,5.0,29.73,51.8,0
2026-04-25 17:37:40,Room_1,Lights,2.0,29.73,51.8,0
2026-04-25 17:37:42,Room_1,AC,50.0,29.94,51.3,0
2026-04-25 17:37:42,Room_1,Heater,10.0,29.94,51.3,0
2026-04-25 17:37:42,Room_1,Fan,5.0,29.94,51.3,0
2026-04-25 17:37:42,Room_1,Lights,2.0,29.94,51.3,0
2026-04-25 17:37:44,Room_1,AC,1500.0,30.24,51.6,1
2026-04-25 17:37:44,Room_1,Heater,10.0,30.24,51.6,0
2026-04-25 17:37:44,Room_1,Fan,5.0,30.24,51.6,0
2026-04-25 17:37:44,Room_1,Lights,2.0,30.24,51.6,0
2026-04-25 17:37:47,Room_1,AC,1500.0,30.53,51.0,1
2026-04-25 17:37:47,Room_1,Heater,10.0,30.53,51.0,0
2026-04-25 17:37:47,Room_1,Fan,75.0,30.53,51.0,1
2026-04-25 17:37:47,Room_1,Lights,2.0,30.53,51.0,0
2026-04-25 17:37:49,Room_1,AC,1500.0,30.8,50.6,1
2026-04-25 17:37:49,Room_1,Heater,10.0,30.8,50.6,0
2026-04-25 17:37:49,Room_1,Fan,5.0,30.8,50.6,0
2026-04-25 17:37:49,Room_1,Lights,2.0,30.8,50.6,0
2026-04-25 17:37:51,Room_1,AC,1500.0,31.01,50.9,1
2026-04-25 17:37:51,Room_1,Heater,10.0,31.01,50.9,0
2026-04-25 17:37:51,Room_1,Fan,5.0,31.01,50.9,0
2026-04-25 17:37:51,Room_1,Lights,2.0,31.01,50.9,0
2026-04-25 17:37:52,Room_1,AC,1500.0,31.3,50.5,1
2026-04-25 17:37:52,Room_1,Heater,10.0,31.3,50.5,0
2026-04-25 17:37:52,Room_1,Fan,5.0,31.3,50.5,0
2026-04-25 17:37:52,Room_1,Lights,2.0,31.3,50.5,0
2026-04-25 17:37:54,Room_1,AC,1500.0,31.52,50.2,1
2026-04-25 17:37:54,Room_1,Heater,10.0,31.52,50.2,0
2026-04-25 17:37:54,Room_1,Fan,5.0,31.52,50.2,0
2026-04-25 17:37:54,Room_1,Lights,2.0,31.52,50.2,0
2026-04-25 17:37:56,Room_1,AC,1500.0,31.72,48.7,1
2026-04-25 17:37:56,Room_1,Heater,10.0,31.72,48.7,0
2026-04-25 17:37:56,Room_1,Fan,5.0,31.72,48.7,0
2026-04-25 17:37:56,Room_1,Lights,2.0,31.72,48.7,0
2026-04-25 17:37:59,Room_1,AC,1500.0,31.94,47.8,1
2026-04-25 17:37:59,Room_1,Heater,10.0,31.94,47.8,0
2026-04-25 17:37:59,Room_1,Fan,75.0,31.94,47.8,1
2026-04-25 17:37:59,Room_1,Lights,2.0,31.94,47.8,0
2026-04-25 17:38:01,Room_1,AC,1500.0,32.14,46.6,1
2026-04-25 17:38:01,Room_1,Heater,10.0,32.14,46.6,0
2026-04-25 17:38:01,Room_1,Fan,75.0,32.14,46.6,1
2026-04-25 17:38:01,Room_1,Lights,2.0,32.14,46.6,0
2026-04-25 17:38:03,Room_1,AC,1500.0,32.44,46.9,1
2026-04-25 17:38:03,Room_1,Heater,10.0,32.44,46.9,0
2026-04-25 17:38:03,Room_1,Fan,75.0,32.44,46.9,1
2026-04-25 17:38:03,Room_1,Lights,2.0,32.44,46.9,0
2026-04-25 17:38:05,Room_1,AC,1500.0,32.7,47.4,1
2026-04-25 17:38:05,Room_1,Heater,10.0,32.7,47.4,0
2026-04-25 17:38:05,Room_1,Fan,5.0,32.7,47.4,0
2026-04-25 17:38:05,Room_1,Lights,2.0,32.7,47.4,0
2026-04-25 17:38:07,Room_1,AC,1500.0,32.44,48.6,1
2026-04-25 17:38:07,Room_1,Heater,10.0,32.44,48.6,0
2026-04-25 17:38:07,Room_1,Fan,5.0,32.44,48.6,0
2026-04-25 17:38:07,Room_1,Lights,2.0,32.44,48.6,0
2026-04-25 17:38:08,Room_1,AC,1500.0,32.2,49.8,1
2026-04-25 17:38:08,Room_1,Heater,10.0,32.2,49.8,0
2026-04-25 17:38:08,Room_1,Fan,75.0,32.2,49.8,1
2026-04-25 17:38:08,Room_1,Lights,2.0,32.2,49.8,0
2026-04-25 17:38:11,Room_1,AC,1500.0,31.96,51.2,1
2026-04-25 17:38:11,Room_1,Heater,10.0,31.96,51.2,0
2026-04-25 17:38:11,Room_1,Fan,5.0,31.96,51.2,0
2026-04-25 17:38:11,Room_1,Lights,2.0,31.96,51.2,0
2026-04-25 17:38:13,Room_1,AC,1500.0,31.69,50.7,1
2026-04-25 17:38:13,Room_1,Heater,10.0,31.69,50.7,0
2026-04-25 17:38:13,Room_1,Fan,75.0,31.69,50.7,1
2026-04-25 17:38:13,Room_1,Lights,2.0,31.69,50.7,0
2026-04-25 17:38:15,Room_1,AC,1500.0,31.49,50.4,1
2026-04-25 17:38:15,Room_1,Heater,10.0,31.49,50.4,0
2026-04-25 17:38:15,Room_1,Fan,5.0,31.49,50.4,0
2026-04-25 17:38:15,Room_1,Lights,2.0,31.49,50.4,0
2026-04-25 17:38:17,Room_1,AC,1500.0,31.26,49.2,1
2026-04-25 17:38:17,Room_1,Heater,10.0,31.26,49.2,0
2026-04-25 17:38:17,Room_1,Fan,75.0,31.26,49.2,1
2026-04-25 17:38:17,Room_1,Lights,2.0,31.26,49.2,0
2026-04-25 17:38:19,Room_1,AC,1500.0,31.02,49.0,1
2026-04-25 17:38:19,Room_1,Heater,10.0,31.02,49.0,0
2026-04-25 17:38:19,Room_1,Fan,75.0,31.02,49.0,1
2026-04-25 17:38:19,Room_1,Lights,2.0,31.02,49.0,0
2026-04-25 17:38:21,Room_1,AC,1500.0,30.78,49.1,1
2026-04-25 17:38:21,Room_1,Heater,10.0,30.78,49.1,0
2026-04-25 17:38:21,Room_1,Fan,75.0,30.78,49.1,1
2026-04-25 17:38:21,Room_1,Lights,2.0,30.78,49.1,0
2026-04-25 17:38:23,Room_1,AC,1500.0,30.57,49.3,1
2026-04-25 17:38:23,Room_1,Heater,10.0,30.57,49.3,0
2026-04-25 17:38:23,Room_1,Fan,75.0,30.57,49.3,1
2026-04-25 17:38:23,Room_1,Lights,2.0,30.57,49.3,0
2026-04-25 17:38:25,Room_1,AC,1500.0,30.27,49.4,1
2026-04-25 17:38:25,Room_1,Heater,10.0,30.27,49.4,0
2026-04-25 17:38:25,Room_1,Fan,75.0,30.27,49.4,1
2026-04-25 17:38:25,Room_1,Lights,2.0,30.27,49.4,0
2026-04-25 17:38:27,Room_1,AC,1500.0,30.07,49.0,1
2026-04-25 17:38:27,Room_1,Heater,10.0,30.07,49.0,0
2026-04-25 17:38:27,Room_1,Fan,75.0,30.07,49.0,1
2026-04-25 17:38:27,Room_1,Lights,2.0,30.07,49.0,0
2026-04-25 17:38:29,Room_1,AC,50.0,29.8,48.5,0
2026-04-25 17:38:29,Room_1,Heater,10.0,29.8,48.5,0
2026-04-25 17:38:29,Room_1,Fan,75.0,29.8,48.5,1
2026-04-25 17:38:29,Room_1,Lights,2.0,29.8,48.5,0
2026-04-25 17:38:31,Room_1,AC,50.0,29.52,49.3,0
2026-04-25 17:38:31,Room_1,Heater,10.0,29.52,49.3,0
2026-04-25 17:38:31,Room_1,Fan,75.0,29.52,49.3,1
2026-04-25 17:38:31,Room_1,Lights,2.0,29.52,49.3,0
2026-04-25 17:38:33,Room_1,AC,50.0,29.31,49.7,0
2026-04-25 17:38:33,Room_1,Heater,10.0,29.31,49.7,0
2026-04-25 17:38:33,Room_1,Fan,75.0,29.31,49.7,1
2026-04-25 17:38:33,Room_1,Lights,2.0,29.31,49.7,0
2026-04-25 17:38:35,Room_1,AC,50.0,29.04,49.8,0
2026-04-25 17:38:35,Room_1,Heater,10.0,29.04,49.8,0
2026-04-25 17:38:35,Room_1,Fan,5.0,29.04,49.8,0
2026-04-25 17:38:35,Room_1,Lights,2.0,29.04,49.8,0
2026-04-25 17:38:37,Room_1,AC,50.0,28.75,50.2,0
2026-04-25 17:38:37,Room_1,Heater,10.0,28.75,50.2,0
2026-04-25 17:38:37,Room_1,Fan,5.0,28.75,50.2,0
2026-04-25 17:38:37,Room_1,Lights,2.0,28.75,50.2,0
2026-04-25 17:38:39,Room_1,AC,50.0,28.53,50.6,0
2026-04-25 17:38:39,Room_1,Heater,10.0,28.53,50.6,0
2026-04-25 17:38:39,Room_1,Fan,75.0,28.53,50.6,1
2026-04-25 17:38:39,Room_1,Lights,2.0,28.53,50.6,0
2026-04-25 17:38:41,Room_1,AC,50.0,28.26,50.3,0
2026-04-25 17:38:41,Room_1,Heater,10.0,28.26,50.3,0
2026-04-25 17:38:41,Room_1,Fan,5.0,28.26,50.3,0
2026-04-25 17:38:41,Room_1,Lights,2.0,28.26,50.3,0
2026-04-25 17:38:43,Room_1,AC,50.0,27.98,50.4,0
2026-04-25 17:38:43,Room_1,Heater,10.0,27.98,50.4,0
2026-04-25 17:38:43,Room_1,Fan,5.0,27.98,50.4,0
2026-04-25 17:38:43,Room_1,Lights,2.0,27.98,50.4,0
2026-04-25 17:38:45,Room_1,AC,50.0,27.76,50.4,0
2026-04-25 17:38:45,Room_1,Heater,10.0,27.76,50.4,0
2026-04-25 17:38:45,Room_1,Fan,75.0,27.76,50.4,1
2026-04-25 17:38:45,Room_1,Lights,60.0,27.76,50.4,1
2026-04-25 17:38:47,Room_1,AC,50.0,27.53,51.4,0
2026-04-25 17:38:47,Room_1,Heater,10.0,27.53,51.4,0
2026-04-25 17:38:47,Room_1,Fan,5.0,27.53,51.4,0
2026-04-25 17:38:47,Room_1,Lights,60.0,27.53,51.4,1
2026-04-25 17:38:49,Room_1,AC,50.0,27.23,52.9,0
2026-04-25 17:38:49,Room_1,Heater,10.0,27.23,52.9,0
2026-04-25 17:38:49,Room_1,Fan,5.0,27.23,52.9,0
2026-04-25 17:38:49,Room_1,Lights,60.0,27.23,52.9,1
2026-04-25 17:38:51,Room_1,AC,50.0,26.96,54.2,0
2026-04-25 17:38:51,Room_1,Heater,10.0,26.96,54.2,0
2026-04-25 17:38:51,Room_1,Fan,75.0,26.96,54.2,1
2026-04-25 17:38:51,Room_1,Lights,60.0,26.96,54.2,1
2026-04-25 17:38:53,Room_1,AC,50.0,26.66,55.4,0
2026-04-25 17:38:53,Room_1,Heater,10.0,26.66,55.4,0
2026-04-25 17:38:53,Room_1,Fan,75.0,26.66,55.4,1
2026-04-25 17:38:53,Room_1,Lights,60.0,26.66,55.4,1
2026-04-25 17:38:55,Room_1,AC,50.0,26.37,55.8,0
2026-04-25 17:38:55,Room_1,Heater,10.0,26.37,55.8,0
2026-04-25 17:38:55,Room_1,Fan,75.0,26.37,55.8,1
2026-04-25 17:38:55,Room_1,Lights,60.0,26.37,55.8,1
2026-04-25 17:38:57,Room_1,AC,50.0,26.1,57.3,0
2026-04-25 17:38:57,Room_1,Heater,10.0,26.1,57.3,0
2026-04-25 17:38:57,Room_1,Fan,75.0,26.1,57.3,1
2026-04-25 17:38:57,Room_1,Lights,60.0,26.1,57.3,1
2026-04-25 17:38:59,Room_1,AC,50.0,25.83,58.5,0
2026-04-25 17:38:59,Room_1,Heater,10.0,25.83,58.5,0
2026-04-25 17:38:59,Room_1,Fan,5.0,25.83,58.5,0
2026-04-25 17:38:59,Room_1,Lights,60.0,25.83,58.5,1
2026-04-25 17:39:01,Room_1,AC,50.0,25.62,58.8,0
2026-04-25 17:39:01,Room_1,Heater,10.0,25.62,58.8,0
2026-04-25 17:39:01,Room_1,Fan,5.0,25.62,58.8,0
2026-04-25 17:39:01,Room_1,Lights,60.0,25.62,58.8,1
2026-04-25 17:39:03,Room_1,AC,50.0,25.41,59.2,0
2026-04-25 17:39:03,Room_1,Heater,10.0,25.41,59.2,0
2026-04-25 17:39:03,Room_1,Fan,75.0,25.41,59.2,1
2026-04-25 17:39:03,Room_1,Lights,60.0,25.41,59.2,1
2026-04-25 17:39:05,Room_1,AC,50.0,25.13,59.1,0
2026-04-25 17:39:05,Room_1,Heater,10.0,25.13,59.1,0
2026-04-25 17:39:05,Room_1,Fan,5.0,25.13,59.1,0
2026-04-25 17:39:05,Room_1,Lights,60.0,25.13,59.1,1
2026-04-25 17:39:07,Room_1,AC,50.0,24.93,60.2,0
2026-04-25 17:39:07,Room_1,Heater,10.0,24.93,60.2,0
2026-04-25 17:39:07,Room_1,Fan,5.0,24.93,60.2,0
2026-04-25 17:39:07,Room_1,Lights,60.0,24.93,60.2,1
2026-04-25 17:39:09,Room_1,AC,50.0,25.23,60.3,0
2026-04-25 17:39:09,Room_1,Heater,10.0,25.23,60.3,0
2026-04-25 17:39:09,Room_1,Fan,75.0,25.23,60.3,1
2026-04-25 17:39:09,Room_1,Lights,60.0,25.23,60.3,1
2026-04-25 17:39:11,Room_1,AC,50.0,24.95,60.9,0
2026-04-25 17:39:11,Room_1,Heater,10.0,24.95,60.9,0
2026-04-25 17:39:11,Room_1,Fan,5.0,24.95,60.9,0
2026-04-25 17:39:11,Room_1,Lights,60.0,24.95,60.9,1
2026-04-25 17:39:13,Room_1,AC,50.0,24.74,61.4,0
2026-04-25 17:39:13,Room_1,Heater,10.0,24.74,61.4,0
2026-04-25 17:39:13,Room_1,Fan,5.0,24.74,61.4,0
2026-04-25 17:39:13,Room_1,Lights,60.0,24.74,61.4,1
2026-04-25 17:39:15,Room_1,AC,50.0,24.47,61.5,0
2026-04-25 17:39:15,Room_1,Heater,10.0,24.47,61.5,0
2026-04-25 17:39:15,Room_1,Fan,5.0,24.47,61.5,0
2026-04-25 17:39:15,Room_1,Lights,60.0,24.47,61.5,1
2026-04-25 17:39:17,Room_1,AC,50.0,24.2,63.0,0
2026-04-25 17:39:17,Room_1,Heater,10.0,24.2,63.0,0
2026-04-25 17:39:17,Room_1,Fan,5.0,24.2,63.0,0
2026-04-25 17:39:17,Room_1,Lights,60.0,24.2,63.0,1
2026-04-25 17:39:19,Room_1,AC,50.0,23.96,63.0,0
2026-04-25 17:39:19,Room_1,Heater,10.0,23.96,63.0,0
2026-04-25 17:39:19,Room_1,Fan,5.0,23.96,63.0,0
2026-04-25 17:39:19,Room_1,Lights,60.0,23.96,63.0,1
2026-04-25 17:39:21,Room_1,AC,50.0,23.75,63.0,0
2026-04-25 17:39:21,Room_1,Heater,10.0,23.75,63.0,0
2026-04-25 17:39:21,Room_1,Fan,5.0,23.75,63.0,0
2026-04-25 17:39:21,Room_1,Lights,60.0,23.75,63.0,1
2026-04-25 17:39:23,Room_1,AC,50.0,23.54,62.5,0
2026-04-25 17:39:23,Room_1,Heater,10.0,23.54,62.5,0
2026-04-25 17:39:23,Room_1,Fan,5.0,23.54,62.5,0
2026-04-25 17:39:23,Room_1,Lights,60.0,23.54,62.5,1
2026-04-25 17:39:25,Room_1,AC,50.0,23.27,63.4,0
2026-04-25 17:39:25,Room_1,Heater,10.0,23.27,63.4,0
2026-04-25 17:39:25,Room_1,Fan,5.0,23.27,63.4,0
2026-04-25 17:39:25,Room_1,Lights,60.0,23.27,63.4,1
2026-04-25 17:39:27,Room_1,AC,50.0,23.05,63.5,0
2026-04-25 17:39:27,Room_1,Heater,10.0,23.05,63.5,0
2026-04-25 17:39:27,Room_1,Fan,5.0,23.05,63.5,0
2026-04-25 17:39:27,Room_1,Lights,60.0,23.05,63.5,1
2026-04-25 17:39:29,Room_1,AC,50.0,22.83,64.9,0
2026-04-25 17:39:29,Room_1,Heater,10.0,22.83,64.9,0
2026-04-25 17:39:29,Room_1,Fan,5.0,22.83,64.9,0
2026-04-25 17:39:29,Room_1,Lights,60.0,22.83,64.9,1
2026-04-25 17:39:31,Room_1,AC,50.0,23.07,65.0,0
2026-04-25 17:39:31,Room_1,Heater,10.0,23.07,65.0,0
2026-04-25 17:39:31,Room_1,Fan,5.0,23.07,65.0,0
2026-04-25 17:39:31,Room_1,Lights,60.0,23.07,65.0,1
2026-04-25 17:39:33,Room_1,AC,50.0,22.84,65.8,0
2026-04-25 17:39:33,Room_1,Heater,10.0,22.84,65.8,0
2026-04-25 17:39:33,Room_1,Fan,5.0,22.84,65.8,0
2026-04-25 17:39:33,Room_1,Lights,60.0,22.84,65.8,1
2026-04-25 17:39:35,Room_1,AC,50.0,23.09,65.3,0
2026-04-25 17:39:35,Room_1,Heater,10.0,23.09,65.3,0
2026-04-25 17:39:35,Room_1,Fan,5.0,23.09,65.3,0
2026-04-25 17:39:35,Room_1,Lights,60.0,23.09,65.3,1
2026-04-25 17:39:37,Room_1,AC,50.0,22.83,64.1,0
2026-04-25 17:39:37,Room_1,Heater,10.0,22.83,64.1,0
2026-04-25 17:39:37,Room_1,Fan,5.0,22.83,64.1,0
2026-04-25 17:39:37,Room_1,Lights,60.0,22.83,64.1,1
2026-04-25 17:39:39,Room_1,AC,50.0,23.07,64.0,0
2026-04-25 17:39:39,Room_1,Heater,10.0,23.07,64.0,0
2026-04-25 17:39:39,Room_1,Fan,5.0,23.07,64.0,0
2026-04-25 17:39:39,Room_1,Lights,60.0,23.07,64.0,1
2026-04-25 17:39:41,Room_1,AC,50.0,22.87,64.1,0
2026-04-25 17:39:41,Room_1,Heater,10.0,22.87,64.1,0
2026-04-25 17:39:41,Room_1,Fan,5.0,22.87,64.1,0
2026-04-25 17:39:41,Room_1,Lights,60.0,22.87,64.1,1
2026-04-25 17:39:43,Room_1,AC,50.0,23.11,65.1,0
2026-04-25 17:39:43,Room_1,Heater,10.0,23.11,65.1,0
2026-04-25 17:39:43,Room_1,Fan,5.0,23.11,65.1,0
2026-04-25 17:39:43,Room_1,Lights,60.0,23.11,65.1,1
2026-04-25 17:39:45,Room_1,AC,50.0,22.83,65.3,0
2026-04-25 17:39:45,Room_1,Heater,10.0,22.83,65.3,0
2026-04-25 17:39:45,Room_1,Fan,5.0,22.83,65.3,0
2026-04-25 17:39:45,Room_1,Lights,60.0,22.83,65.3,1
2026-04-25 17:39:47,Room_1,AC,50.0,23.03,64.2,0
2026-04-25 17:39:47,Room_1,Heater,10.0,23.03,64.2,0
2026-04-25 17:39:47,Room_1,Fan,5.0,23.03,64.2,0
2026-04-25 17:39:47,Room_1,Lights,60.0,23.03,64.2,1
2026-04-25 17:39:49,Room_1,AC,50.0,22.78,64.8,0
2026-04-25 17:39:49,Room_1,Heater,10.0,22.78,64.8,0
2026-04-25 17:39:49,Room_1,Fan,5.0,22.78,64.8,0
2026-04-25 17:39:49,Room_1,Lights,60.0,22.78,64.8,1
2026-04-25 17:39:51,Room_1,AC,50.0,23.02,66.1,0
2026-04-25 17:39:51,Room_1,Heater,10.0,23.02,66.1,0
2026-04-25 17:39:51,Room_1,Fan,5.0,23.02,66.1,0
2026-04-25 17:39:51,Room_1,Lights,60.0,23.02,66.1,1
2026-04-25 17:39:53,Room_1,AC,50.0,22.75,65.8,0
2026-04-25 17:39:53,Room_1,Heater,10.0,22.75,65.8,0
2026-04-25 17:39:53,Room_1,Fan,5.0,22.75,65.8,0
2026-04-25 17:39:53,Room_1,Lights,60.0,22.75,65.8,1
2026-04-25 17:39:55,Room_1,AC,50.0,22.97,64.4,0
2026-04-25 17:39:55,Room_1,Heater,10.0,22.97,64.4,0
2026-04-25 17:39:55,Room_1,Fan,5.0,22.97,64.4,0
2026-04-25 17:39:55,Room_1,Lights,60.0,22.97,64.4,1
2026-04-25 17:39:57,Room_1,AC,50.0,23.17,64.4,0
2026-04-25 17:39:57,Room_1,Heater,10.0,23.17,64.4,0
2026-04-25 17:39:57,Room_1,Fan,5.0,23.17,64.4,0
2026-04-25 17:39:57,Room_1,Lights,60.0,23.17,64.4,1
2026-04-25 17:39:59,Room_1,AC,50.0,23.43,63.2,0
2026-04-25 17:39:59,Room_1,Heater,10.0,23.43,63.2,0
2026-04-25 17:39:59,Room_1,Fan,75.0,23.43,63.2,1
2026-04-25 17:39:59,Room_1,Lights,60.0,23.43,63.2,1
2026-04-25 17:40:01,Room_1,AC,50.0,23.65,62.4,0
2026-04-25 17:40:01,Room_1,Heater,10.0,23.65,62.4,0
2026-04-25 17:40:01,Room_1,Fan,75.0,23.65,62.4,1
2026-04-25 17:40:01,Room_1,Lights,60.0,23.65,62.4,1
2026-04-25 17:40:03,Room_1,AC,50.0,23.9,60.9,0
2026-04-25 17:40:03,Room_1,Heater,10.0,23.9,60.9,0
2026-04-25 17:40:03,Room_1,Fan,5.0,23.9,60.9,0
2026-04-25 17:40:03,Room_1,Lights,60.0,23.9,60.9,1
2026-04-25 17:40:05,Room_1,AC,50.0,24.17,60.1,0
2026-04-25 17:40:05,Room_1,Heater,10.0,24.17,60.1,0
2026-04-25 17:40:05,Room_1,Fan,5.0,24.17,60.1,0
2026-04-25 17:40:05,Room_1,Lights,2.0,24.17,60.1,0
2026-04-25 17:40:07,Room_1,AC,50.0,24.42,60.5,0
2026-04-25 17:40:07,Room_1,Heater,10.0,24.42,60.5,0
2026-04-25 17:40:07,Room_1,Fan,75.0,24.42,60.5,1
2026-04-25 17:40:07,Room_1,Lights,2.0,24.42,60.5,0
2026-04-25 17:40:09,Room_1,AC,50.0,24.65,60.1,0
2026-04-25 17:40:09,Room_1,Heater,10.0,24.65,60.1,0
2026-04-25 17:40:09,Room_1,Fan,5.0,24.65,60.1,0
2026-04-25 17:40:09,Room_1,Lights,2.0,24.65,60.1,0
2026-04-25 17:40:11,Room_1,AC,50.0,24.9,60.4,0
2026-04-25 17:40:11,Room_1,Heater,10.0,24.9,60.4,0
2026-04-25 17:40:11,Room_1,Fan,75.0,24.9,60.4,1
2026-04-25 17:40:11,Room_1,Lights,2.0,24.9,60.4,0
2026-04-25 17:40:13,Room_1,AC,50.0,25.1,60.3,0
2026-04-25 17:40:13,Room_1,Heater,10.0,25.1,60.3,0
2026-04-25 17:40:13,Room_1,Fan,75.0,25.1,60.3,1
2026-04-25 17:40:13,Room_1,Lights,2.0,25.1,60.3,0
2026-04-25 17:40:15,Room_1,AC,50.0,25.35,59.5,0
2026-04-25 17:40:15,Room_1,Heater,10.0,25.35,59.5,0
2026-04-25 17:40:15,Room_1,Fan,5.0,25.35,59.5,0
2026-04-25 17:40:15,Room_1,Lights,2.0,25.35,59.5,0
2026-04-25 17:40:17,Room_1,AC,50.0,25.55,58.8,0
2026-04-25 17:40:17,Room_1,Heater,10.0,25.55,58.8,0
2026-04-25 17:40:17,Room_1,Fan,75.0,25.55,58.8,1
2026-04-25 17:40:17,Room_1,Lights,2.0,25.55,58.8,0
2026-04-25 17:40:19,Room_1,AC,50.0,25.76,59.3,0
2026-04-25 17:40:19,Room_1,Heater,10.0,25.76,59.3,0
2026-04-25 17:40:19,Room_1,Fan,5.0,25.76,59.3,0
2026-04-25 17:40:19,Room_1,Lights,2.0,25.76,59.3,0
2026-04-25 17:40:21,Room_1,AC,50.0,25.97,59.6,0
2026-04-25 17:40:21,Room_1,Heater,10.0,25.97,59.6,0
2026-04-25 17:40:21,Room_1,Fan,75.0,25.97,59.6,1
2026-04-25 17:40:21,Room_1,Lights,2.0,25.97,59.6,0
2026-04-25 17:40:23,Room_1,AC,50.0,26.21,59.8,0
2026-04-25 17:40:23,Room_1,Heater,10.0,26.21,59.8,0
2026-04-25 17:40:23,Room_1,Fan,75.0,26.21,59.8,1
2026-04-25 17:40:23,Room_1,Lights,2.0,26.21,59.8,0
2026-04-25 17:40:25,Room_1,AC,50.0,26.5,58.6,0
2026-04-25 17:40:25,Room_1,Heater,10.0,26.5,58.6,0
2026-04-25 17:40:25,Room_1,Fan,5.0,26.5,58.6,0
2026-04-25 17:40:25,Room_1,Lights,2.0,26.5,58.6,0
2026-04-25 17:40:27,Room_1,AC,50.0,26.76,58.8,0
2026-04-25 17:40:27,Room_1,Heater,10.0,26.76,58.8,0
2026-04-25 17:40:27,Room_1,Fan,75.0,26.76,58.8,1
2026-04-25 17:40:27,Room_1,Lights,2.0,26.76,58.8,0
2026-04-25 17:40:29,Room_1,AC,50.0,27.0,58.4,0
2026-04-25 17:40:29,Room_1,Heater,10.0,27.0,58.4,0
2026-04-25 17:40:29,Room_1,Fan,5.0,27.0,58.4,0
2026-04-25 17:40:29,Room_1,Lights,2.0,27.0,58.4,0
2026-04-25 17:40:31,Room_1,AC,50.0,27.23,57.6,0
2026-04-25 17:40:31,Room_1,Heater,10.0,27.23,57.6,0
2026-04-25 17:40:31,Room_1,Fan,5.0,27.23,57.6,0
2026-04-25 17:40:31,Room_1,Lights,2.0,27.23,57.6,0
